Market,Symbol,StockName,StockEnName
UPCOM,A32,Công ty Cổ phần 32,32 Joint Stock Company
HOSE,AAA,CTCP NHUA AN PHAT XANH,An Phat Bioplastics Joint Stock Company
UPCOM,AAH,Công ty Cổ phần Hợp Nhất,Hop Nhat Joint Stock Company
HOSE,AAM,CTCP THUY SAN MEKONG,Mekong Fisheries Joint Stock Company
UPCOM,AAS,Công ty Cổ phần Chứng khoán SmartInvest,Smart Invest Securities Joint Stock Company
HOSE,AAT,CTCP TD TIEN SON TH,Tien Son Thanh Hoa Group Joint Stock Company
HNX,AAV,Công ty Cổ phần AAV Group,AAV Group joint Stock Company
UPCOM,ABB,Ngân hàng Thương mại Cổ phần An Bình,An Binh Commercial Joint Stock Bank
UPCOM,ABC,Công ty Cổ phần Truyền thông VMG,VMG Media Joint Stock Company
UPCOM,ABI,Công ty Cổ phần Bảo hiểm Ngân hàng Nông Nghiệp,Agriculture Bank Insurance Joint Stock Corporation (ABIC)
HOSE,ABR,CTCP DT NHAN HIEU VIET,Viet Brand Invest Joint Stock Company
HOSE,ABS,CTCP DV NN BINH THUAN,BinhThuan Agriculture Services Joint Stock Company
HOSE,ABT,CTCP XNK THUY SAN BEN TRE,Bentre Aquaproduct Import And Export Joint Stock Company
UPCOM,ABW,Công ty Cổ phần Chứng khoán An Bình,An Binh Securities Joint Stock Company
HOSE,ACB,NGAN HANG TMCP A CHAU,Asia Commercial Joint Stock Bank
HOSE,ACC,CTCP DT&XD BINH DUONG ACC,ACC Binh Duong Investment and Construction Joint Stock Company
UPCOM,ACE,Công ty Cổ phần Bê tông ly tâm An Giang,An Giang Centrifugal Concrete Joint Stock Company
HOSE,ACG,CTCP GO AN CUONG,An Cuong Wood - Working Joint Stock Company
HOSE,ACL,CTCP XNK T.SAN CL-AG,CuuLong Fish Joint Stock Company
UPCOM,ACM,Công ty Cổ phần Tập đoàn Khoáng sản Á Cường,A Cuong Mineral Group Joint Stock Company
UPCOM,ACS,Công ty Cổ phần Xây lắp Thương mại 2,Architects & Construction Service Corporation
UPCOM,ACV,Tổng Công ty Cảng Hàng không Việt Nam - CTCP,Airports Corporation of Vietnam
HNX,ADC,Công ty Cổ phần Mĩ thuật và Truyền thông,Art Design and Communication Joint Stock Company
HOSE,ADG,CTCP CLEVER GROUP,Clever Group Corporation
HOSE,ADP,CTCP SON A DONG,A Dong Paint Joint Stock Company
HOSE,ADS,CTCP DAMSAN,Damsan Joint Stock Company
UPCOM,AFX,Công ty Cổ phần Xuất Nhập khẩu Nông sản Thực phẩm An Giang,An Giang Agriculture and Foods Import - Export Joint Stock Company
UPCOM,AG1,Công ty Cổ phần 28.1,28.1 Joint Stock Company
UPCOM,AGF,Công ty Cổ phần Xuất nhập khẩu Thủy sản An Giang,An Giang Fisheries Import and Export Joint Stock Company
HOSE,AGG,CTCP DTPT BDS AN GIA,An Gia Real Estate Investment And Development Corporation
HOSE,AGM,CTCP XNK AN GIANG,AnGiang Import Export Company
UPCOM,AGP,Công ty Cổ phần Dược phẩm AGIMEXPHARM,AGIMEXPHARM Pharmaceutical Joint Stock Company
HOSE,AGR,CTCP CHUNG KHOAN ARGIBANK,AgriBank Securities Corporation
UPCOM,AGX,Công ty Cổ phần Thực phẩm Nông sản Xuất khẩu Sài Gòn,Sai Gon Export Foodstuffs and Agricultural Products Joint Stock Company
UPCOM,AIC,Tổng Công ty Cổ phần Bảo hiểm Hàng không,Vietnam National Aviation Insurance Corporation
HNX,ALT,Công ty Cổ phần Văn hóa Tân Bình,Alta Company
UPCOM,ALV,Công ty Cổ phần Xây dựng ALVICO,ALVICO Construction Joint Stock Company
HNX,AMC,Công ty Cổ phần Khoáng sản Á Châu,Asia Mineral Joint Stock Company
UPCOM,AMD,Công ty Cổ phần Đầu tư và Khoáng sản FLC Stone,FLC Stone Mining and Investment Joint Stock Company
HNX,AME,Công ty cổ phần Alphanam E&C,Alphanam E&C Joint Stock Company
UPCOM,AMP,Công ty Cổ phần Armephaco,Armephaco Joint Stock Company
UPCOM,AMS,Công ty Cổ phần Cơ khí Xây dựng AMECC,AMECC Mechanical Construction Joint Stock Company 
HNX,AMV,Công ty Cổ phần Sản xuất Kinh doanh Dược và Trang thiết bị Y tế Việt Mỹ,American Vietnamese Biotech Incorporation
UPCOM,ANT,Công ty Cổ phần Rau quả Thực phẩm An Giang,An Giang Fruit-Vegetables & Foodstuff Joint Stock Company
HOSE,ANV,CTCP NAM VIET (NAVICO),Nam Viet Corporation
UPCOM,APC,Công ty Cổ phần Chiếu xạ An Phú,An Phu Irradiation Joint Stock Company
UPCOM,APF,Công ty Cổ phần Nông sản Thực phẩm Quảng Ngãi,Quang Ngai Agricultural Products And Foodstuff Joint Stock Company
HOSE,APG,CTCP CHUNG KHOAN APG,APG Securities Joint Stock Company
HOSE,APH,CTCP TD AN PHAT HOLDINGS,An Phat Holdings Joint Stock Company
HNX,API,Công ty Cổ phần Đầu tư Châu Á - Thái Bình Dương,Asia - Pacific Investment Joint Stock Company
UPCOM,APL,Công ty Cổ phần Cơ khí và Thiết bị áp lực - VVMI,VVMI - Mechanical And Pressure Equipment Joint Stock Company
UPCOM,APP,Công ty Cổ phần Phát triển Phụ gia và Sản phẩm dầu mỏ,Additives and Petroleum Products Joint Stock Company
HNX,APS,Công ty Cổ phần Chứng khoán Châu Á - Thái Bình Dương,Asia - Pacific Securities Joint Stock Company
UPCOM,APT,Công ty Cổ phần Kinh doanh thủy hải sản Sài Gòn,Saigon Aquatic Products Trading Joint Stock Company
HNX,ARM,Công ty Cổ phần Xuất nhập khẩu Hàng không,General Aviation Import Export Joint Stock Company
UPCOM,ART,Công ty Cổ phần Chứng khoán BOS,BOS Securities Joint Stock Company
UPCOM,ASA,Công ty Cổ phần ASA,ASA Joint Stock Company
HOSE,ASG,CTCP TAP DOAN ASG,ASG Corporation
HOSE,ASM,CTCP TAP DOAN SAO MAI,Sao Mai Group Corporation
HOSE,ASP,CTCP TD DAU KHI ANPHA,An Pha Petrol Joint Stock Company
HOSE,AST,CTCP DV HANG KHONG TASECO,Taseco Air Services Joint Stock Company
UPCOM,ATA,Công ty Cổ phần NTACO,NTACO Corporation
UPCOM,ATB,Công ty Cổ phần An Thịnh,An Thinh Joint Stock Company
UPCOM,ATG,Công ty Cổ phần An Trường An,An Truong An Joint Stock Company
HNX,ATS,Công ty Cổ phần Tập đoàn Đầu tư ATS,ATS Investment Group Joint Stock Company
UPCOM,AVC,Công ty Cổ phần Thủy điện A Vương,A Vuong Hydropower Joint Stock Company
UPCOM,AVF,Công ty Cổ phần Việt An,Anvifish Joint Stock Company
UPCOM,B82,Công ty Cổ phần 482,Joint Stock - Company No 482
HNX,BAB,Ngân hàng Thương mại Cổ phần Bắc Á,Bac A Commercial Joint Stock Bank
HNX,BAB122031,,
HNX,BAB122032,,
HNX,BAB123005,,
HNX,BAB123006,,
HNX,BAB123007,,
HNX,BAB123030,,
HNX,BAB123031,,
HNX,BAB123032,,
HOSE,BAF,CTCP NONG NGHIEP BAF VN,BAF Vietnam Agriculture Joint Stock Company
HNX,BAF122029,,
HNX,BAF123020,,
UPCOM,BAL,Công ty Cổ phần Bao bì Bia - Rượu - Nước giải khát,Beer - Alcohol - Beverage Packaging Joint Stock Company
HNX,BAX,Công ty Cổ phần Thống Nhất,Thong Nhat Joint Stock Company
HOSE,BBC,CTCP BIBICA,Bibica Corporation
UPCOM,BBH,Công ty Cổ phần Bao bì Hoàng Thạch,Hoang Thach Joint Stock Bagging Company
UPCOM,BBM,Công ty Cổ phần Bia Hà Nội - Nam Định,Ha Noi - Nam Dinh Beer Joint Stock Company
HNX,BBS,Công ty Cổ phần VICEM Bao bì Bút Sơn,VICEM Packing But Son Joint Stock Company
UPCOM,BBT,Công ty Cổ phần Bông Bạch Tuyết,Bach Tuyet Cotton Corporation
UPCOM,BCA,Công ty cổ phần B.C.H,B.C.H Joint Stock Company
UPCOM,BCB,Công ty Cổ phần 397,397 Joint Stock Company
HNX,BCC,Công ty Cổ phần Xi măng Bỉm Sơn,Bim Son Cement Joint Stock Company
HOSE,BCE,CTCP XD & GT BINH DUONG,Binh Duong Construction And Civil Engineering Joint Stock Company
HNX,BCF,Công ty Cổ phần Thực phẩm Bích Chi,Bich Chi Food Company
HOSE,BCG,CTCP BAMBOO CAPITAL,Bamboo Capital Group Joint Stock Company
HNX,BCG122006,,
HOSE,BCM,TCT DT VA PT CN - CTCP,Investment and Industrial Development Joint Stock Corporation
UPCOM,BCO,Công ty Cổ phần Xây dựng Bình Phước,Binh Phuoc Construction Joint Stock Company
UPCOM,BCP,Công ty Cổ phần Dược Enlie,Enlie Pharmaceutical Joint Stock Company
UPCOM,BCR,Công ty Cổ phần BCG Land,BCG Land Joint Stock Company
UPCOM,BCV,Công ty cổ phần Du lịch và Thương mại Bằng Giang Cao Bằng - Vimico,Vimico - Cao Bang Bang Giang Travel And Trading Joint Stock Company
HNX,BDB,Công ty Cổ phần Sách và Thiết bị Bình Định,Binh Dinh Book and Equipment Joint Stock Company
UPCOM,BDG,Công ty Cổ phần May mặc Bình Dương,Protrade Garment Joint Stock Company
UPCOM,BDT,Công ty Cổ phần Xây lắp và Vật liệu xây dựng Đồng Tháp,DongThap Building Materials & Construction Joint Stock Company
UPCOM,BDW,Công ty Cổ phần Cấp thoát nước Bình Định,Binh Dinh Water Supply and Sewerage Joint Stock Company
HNX,BED,Công ty Cổ phần Sách và Thiết bị trường học Đà Nẵng,Da Nang Books & Educational Equipment Joint Stock Company
UPCOM,BEL,Công ty Cổ phần Điện tử Biên Hòa,Viettronics Bien Hoa Joint Stock Company
HOSE,BFC,CTCP PHAN BON BINH DIEN,Binh Dien Fertilizer Joint Stock Company
UPCOM,BGE,Công ty Cổ phần BCG Energy,BCG Energy Joint Stock Company
UPCOM,BGW,Công ty Cổ phần Nước sạch Bắc Giang,Bac Giang Clean Water Joint Stock Company
UPCOM,BHA,Công ty cổ phần Thủy điện Bắc Hà,Bac Ha Hydropower Joint Stock Company
UPCOM,BHC,Công ty Cổ phần Bê tông Biên Hòa,Bien Hoa Concrete Joint Stock Company
UPCOM,BHG,Công ty Cổ phần Chè Biển Hồ,Bien Ho Tea Joint Stock Company
UPCOM,BHI,Tổng Công ty Cổ phần Bảo hiểm Sài Gòn - Hà Nội,Saigon - Hanoi Insurance Joint Stock Corporation
UPCOM,BHK,Công ty Cổ phần Bia Hà Nội - Kim Bài,Ha Noi - Kim Bai Beer Joint Stock Company
HOSE,BHN,TCTCP BIA RUOU NGK HA NOI,Hanoi Beer Alcohol and Beverage Joint Stock Corporation
UPCOM,BHP,Công ty Cổ phần Bia Hà Nội - Hải Phòng,Ha Noi - Hai Phong Beer Joint Stock Company
HOSE,BIC,TCTCP BAO HIEM NHDTPTVN,BIDV Insurance Corporation
HOSE,BID,NH TMCP DT&PT VIET NAM,Joint Stock Commercial Bank for Investment and Development of Vietnam
HNX,BID121027,,
HNX,BID121028,,
HNX,BID122004,,
HNX,BID122005,,
HNX,BID123002,,
HNX,BID123003,,
HNX,BID123004,,
UPCOM,BIG,Công ty cổ phần BIG Invest Group,BIG Invest Group Joint Stock Company
UPCOM,BII,Công ty Cổ phần Đầu tư và Phát triển Công nghiệp Bảo Thư,Bao Thu Industrial Development and Investment Joint Stock Company
UPCOM,BIO,Công ty Cổ phần Vắc xin và Sinh phẩm Nha Trang,Nha Trang Vaccines and Biological Products Joint Stock Company
HNX,BKC,Công ty Cổ phần Khoáng sản Bắc Kạn,Backan Mineral Joint Stock Corporation
HOSE,BKG,CTCP DAU TU BKG VIET NAM,BKG Vietnam Investment Joint Stock Company
UPCOM,BLF,Công ty Cổ phần Thủy sản Bạc Liêu,Bac Lieu Fisheries Joint Stock Company
UPCOM,BLI,Tổng Công ty Cổ phần Bảo hiểm Bảo Long,Bao Long Insurance Corporation
UPCOM,BLN,Công ty Cổ phần Vận tải và Dịch vụ Liên Ninh,Lien Ninh Transport and Service Joint Stock Company
UPCOM,BLT,Công ty Cổ phần Lương thực Bình Định,Binh Dinh Food Joint Stock Company
HOSE,BMC,CTCP KHOANG SAN BINH DINH,Binh Dinh Minerals Joint Stock Company
UPCOM,BMD,Công ty Cổ phần Môi trường và Dịch vụ Đô thị Bình Thuận,Binh Thuan Environmental Urban Service Joint Stock Company
UPCOM,BMF,Công ty Cổ phần Vật liệu Xây dựng và Chất đốt Đồng Nai,Dong Nai Building Material and Fuel Joint Stock Company
UPCOM,BMG,Công ty Cổ phần May Bình Minh,Binh Minh Garment Joint Stock Company
HOSE,BMI,TCT CP BAO MINH,BaoMinh Insurance Corporation
UPCOM,BMJ,Công ty Cổ phần Khoáng sản Miền Đông AHP,Easterns AHP Minerals Joint Stock Company
UPCOM,BMN,Công ty Cổ phần 715,715 Joint Stock Company
HOSE,BMP,CTCP NHUA BINH MINH,Binh Minh Plastics Joint Stock Company
UPCOM,BMS,Công ty Cổ phần Chứng khoán Bảo Minh,Bao Minh Securities Company Limited
UPCOM,BMV,Công ty Cổ phần Bột mỳ Vinafood 1,Vinafood 1 Flour Joint Stock Company
HNX,BNA,Công ty Cổ phần Tập đoàn Đầu tư Bảo Ngọc,Bao Ngoc Investment Group Joint Stock Company
UPCOM,BNW,Công ty Cổ phần Nước sạch Bắc Ninh,Bac Ninh Clean Water Joint Stock Company
UPCOM,BOT,Công ty Cổ phần BOT Cầu Thái Hà,Thai Ha Bridge BOT Joint Stock Company
HNX,BPC,Công ty Cổ phần Vicem Bao bì Bỉm Sơn,Vicem Packaging Bimson Joint Stock Company
UPCOM,BQB,Công ty Cổ phần Bia Hà Nội - Quảng Bình,Hanoi - Quang Binh Beer Joint Stock Company
HOSE,BRC,CTCP CAO SU BEN THANH,Ben Thanh Rubber Joint Stock Company
UPCOM,BRR,Công ty Cổ phần Cao su Bà Rịa,BaRia Rubber Joint Stock Company
UPCOM,BRS,Công ty Cổ phần Dịch vụ Đô thị Bà Rịa,Ba Ria Urban Service Joint Stock Company
UPCOM,BSA,Công ty Cổ phần Thủy điện Buôn Đôn,Buon Don Hydropower Joint Stock Company
HNX,BSC,Công ty Cổ phần Dịch vụ Bến Thành,BenThanh Service Joint Stock Company
UPCOM,BSD,"Công ty Cổ phần Bia, Rượu Sài Gòn - Đồng Xuân",Sai Gon - Dong Xuan Beer Alcohol Joint Stock Company
UPCOM,BSG,Công ty Cổ phần Xe khách Sài Gòn,Saigon Passenger Transport Joint Stock Company
UPCOM,BSH,Công ty Cổ phần Bia Sài Gòn - Hà Nội,Sai Gon - Ha Noi Beer Corporation
HOSE,BSI,CTCP CK BIDV,BIDV Joint Stock Securities Company
UPCOM,BSL,Công ty Cổ phần Bia Sài Gòn - Sông Lam,Sai Gon - Song Lam Beer Joint Stock Company
UPCOM,BSP,Công ty Cổ phần Bia Sài Gòn - Phú Thọ,Sai Gon - Phu Tho Beer Joint Stock Company
UPCOM,BSQ,Công ty Cổ phần Bia Sài Gòn - Quảng Ngãi,Sai Gon - Quang Ngai Beer Joint Stock Company
UPCOM,BSR,Công ty Cổ phần Lọc Hóa dầu Bình Sơn,Binh Son Refining and Petrochemical Joint Stock Company
HNX,BST,Công ty Cổ phần Sách và Thiết bị Bình Thuận,Binh Thuan Book And Equipment Joint Stock Company
UPCOM,BT1,Công ty Cổ phần Bảo vệ thực vật 1 Trung ương,Central Plant Protection Joint Stock Company No.1
UPCOM,BT6,Công ty Cổ phần BETON 6,BETON 6 Corporation
UPCOM,BTB,Công ty Cổ phần Bia Hà Nội - Thái Bình,Ha Noi - Thai Binh Beer Joint Stock Company
UPCOM,BTD,Công ty Cổ phần Bê tông ly tâm Thủ Đức,Thuduc Centrifugal Concrete Joint Stock Company
UPCOM,BTG,Công ty Cổ phần Bao bì Tiền Giang,Tien Giang Packaging Joint Stock Company
UPCOM,BTH,Công ty Cổ phần Chế tạo Biến thế và Vật liệu Điện Hà Nội,Ha Noi Transformer Manufacturing And Electric Material Joint Stock Company
UPCOM,BTN,Công ty Cổ phần Đầu tư Bitco Bình Định,Binh Dinh Bitco Investment Joint Stock Company
HOSE,BTP,CTCP NHIET DIEN BA RIA,Ba Ria Thermal Power Joint Stock Company
HNX,BTS,Công ty Cổ phần Xi măng VICEM Bút Sơn,VICEM But Son Cement Joint Stock Company
HOSE,BTT,CTCP TMDV BEN THANH,Ben Thanh Trading and Service Joint Stock Company
UPCOM,BTU,Công ty Cổ phần Công trình Đô thị Bến Tre,Ben Tre Urban Project Joint Stock Company
UPCOM,BTV,Công ty Cổ phần Dịch vụ Du lịch Bến Thành,Ben Thanh Tourist Service Corporation
HNX,BTW,Công ty Cổ phần Cấp nước Bến Thành,Ben Thanh Water Supply Joint Stock Company
UPCOM,BVB,Ngân hàng Thương mại Cổ phần Bản Việt,Viet Capital Commercial Joint Stock Bank
HNX,BVB123025,,
UPCOM,BVG,Công ty cổ phần Group Bắc Việt,Bac Viet Group Joint Stock Company
HOSE,BVH,TAP DOAN BAO VIET,Bao Viet Holdings
UPCOM,BVL,Công ty Cổ phần BV Land,BV Land Joint Stock Company
UPCOM,BVN,Công ty Cổ phần Bông Việt Nam,Vietnam Cotton Joint Stock Company
HNX,BVS,Công ty Cổ phần Chứng khoán Bảo Việt,Bao Viet Securities Company
UPCOM,BWA,Công ty Cổ phần Cấp thoát nước và Xây dựng Bảo Lộc,Bao Loc Supply Sewerage and Constructon Joint Stock Company
HOSE,BWE,CTCP NUOC-MT BINH DUONG,Binh Duong Water - Environment Corporation - Joint Stock Company
UPCOM,BWS,Công ty Cổ phần Cấp Nước Bà Rịa - Vũng Tàu,Ba Ria - Vung Tau Water Supply Joint Stock Company
HNX,BXH,Công ty Cổ phần VICEM Bao bì Hải Phòng,Haiphong Packing VICEM Joint Stock Company
UPCOM,C12,Công ty Cổ phần Cầu 12,Bridge Joint Stock Company No.12
UPCOM,C21,Công ty Cổ phần Thế kỷ 21,Century 21 Joint Stock Company
UPCOM,C22,Công ty Cổ phần 22,22 Joint Stock Company
HOSE,C32,CTCP CIC39,CIC39 Corporation
HOSE,C47,CTCP XAY DUNG 47,Construction Joint Stock Company 47
UPCOM,C4G,Công ty Cổ phần Tập Đoàn Cienco4,Cienco4 Group Joint Stock Company
HNX,C69,Công ty Cổ phần Xây dựng 1369,1369 Construction Joint Stock Company
UPCOM,C92,Công ty Cổ phần Xây dựng và Đầu tư 492,Engineering Construction Joint Stock Company No 492
UPCOM,CAB,Công ty Cổ phần Tổng Công ty Truyền hình Cáp Việt Nam,Vietnam Television Cable Joint Stock Company
HOSE,CACB2304,CQ CACB2304,
HOSE,CACB2305,CQ CACB2305,
HOSE,CACB2307,CQ CACB2307,
HOSE,CACB2402,CQ CACB2402,
UPCOM,CAD,Công ty Cổ phần Chế biến và Xuất khẩu Thủy sản Cadovimex,Cadovimex Seafood Import-Export And Processing Joint Stock Company
HNX,CAG,Công ty Cổ phần Cảng An Giang,An Giang Port Joint Stock Company
HNX,CAN,Công ty Cổ phần Đồ hộp Hạ Long,Halong Canned Food Joint Stock Corporation
HNX,CAP,Công ty Cổ phần Lâm Nông sản Thực phẩm Yên Bái,Yen Bai Joint Stock Forest Agricultural Products And Foodstuffs Company
UPCOM,CAR,Công ty cổ phần Tập đoàn Giáo dục Trí Việt,Tri Viet Education Group Joint Stock Company
UPCOM,CAT,Công ty Cổ phần Thủy sản Cà Mau,Seaprimexco-Vietnam
UPCOM,CBI,Công ty Cổ phần Gang thép Cao Bằng,Cao Bang Cast Iron and Steel Joint Stock Company
UPCOM,CBS,Công ty Cổ phần Mía đường Cao Bằng,Cao Bang Sugar Joint Stock Company
UPCOM,CC1,Tổng Công ty Xây dựng số 1 - CTCP,Construction Corporation No.1 Joint Stock Company
UPCOM,CC4,Công ty Cổ phần Đầu tư và Xây dựng số 4,Investment and Construction Joint Stock Company No.4
UPCOM,CCA,Công ty Cổ phần Xuất nhập khẩu Thủy sản Cần Thơ,Can Tho Import Export Seafood Joint Stock Company
UPCOM,CCC,Công ty Cổ Phần Xây Dựng CDC,CDC Construction Joint Stock Company
HOSE,CCI,CT DTPTCN TM CU CHI,Cuchi Commercial and Industrial Developing Investment Joint Stock Company
HOSE,CCL,CTCP DT&PT DT DK CUU LONG,Cuu Long Petro Urban Development And Investment Corporation
UPCOM,CCM,Công ty Cổ phần Khoáng sản và Xi măng Cần Thơ,Can Tho Mineral And Cement Joint Stock Company
UPCOM,CCP,Công ty Cổ phần Cảng Cửa Cấm Hải Phòng,Hai Phong Cua Cam Port Joint Stock Company
HNX,CCR,Công ty Cổ phần Cảng Cam Ranh,Cam Ranh Port Joint Stock Company
UPCOM,CCT,Công ty Cổ phần Cảng Cần Thơ,Can Tho Port Joint Stock Company
UPCOM,CCV,Công ty Cổ phần Tư vấn Xây dựng Công nghiệp và Đô thị Việt Nam,VCC Engineering Consultants Joint - Stock Company
HOSE,CDC,CT CP CHUONG DUONG,Chuong Duong Corporation
UPCOM,CDG,Công ty Cổ phần Cầu Đuống,CauDuong Joint Stock Company
UPCOM,CDH,Công ty Cổ phần Công trình Công cộng và Dịch vụ Du lịch Hải Phòng,Hai Phong Public Works and Tourism Services Joint Stock Company
HNX,CDN,Công ty Cổ phần Cảng Đà Nẵng,DaNang Port Joint Stock Company
UPCOM,CDO,Công ty Cổ phần Tư vấn Thiết kế và Phát triển Đô thị,Consultancy Design and Urban Development Joint Stock Company
UPCOM,CDP,Công ty Cổ phần Dược phẩm Trung ương Codupha,Codupha Central Pharmaceutical Joint Stock Company
UPCOM,CDR,Công ty Cổ phần Xây dựng Cao su Đồng Nai,Dong Nai Rubber Construction Joint Stock Company
UPCOM,CE1,Công ty Cổ phần Xây dựng và Thiết bị Công nghiệp CIE1,Construction And Industry Equipment Joint Stock Company - CIE1
UPCOM,CEG,Công ty Cổ phần Tập đoàn Xây dựng và Thiết bị Công nghiệp,Construction and Industry Equipment Group Corporation
UPCOM,CEN,Công ty Cổ phần CENCON Việt Nam,CENCON Vietnam Joint Stock Company
HNX,CEO,Công ty Cổ phần Tập đoàn C.E.O,CEO Group Joint Stock Company
HNX,CET,Công ty Cổ phần HTC Holding,HTC Holding Joint Stock Company
UPCOM,CFM,Công ty Cổ phần Đầu tư CFM,CFM Investment Joint Stock Company
HOSE,CFPT2314,CQ CFPT2314,
HOSE,CFPT2317,CQ CFPT2317,
HOSE,CFPT2401,CQ CFPT2401,
UPCOM,CFV,Công ty Cổ phần Cà phê Thắng Lợi,Thang Loi Coffee Joint Stock Company
UPCOM,CGV,Công ty Cổ phần Vinaceglass,Vinaceglass Joint Stock Company
UPCOM,CH5,Công ty Cổ phần Xây dựng số 5 Hà Nội,Hanoi Construction Joint Stock Company No.5
UPCOM,CHC,Công ty Cổ phần Cẩm Hà,Cam Ha Joint Stock Company
HOSE,CHP,CTCP THUY DIEN MIEN TRUNG,Central Hydropower Joint Stock Company
HOSE,CHPG2316,CQ CHPG2316,
HOSE,CHPG2331,CQ CHPG2331,
HOSE,CHPG2332,CQ CHPG2332,
HOSE,CHPG2333,CQ CHPG2333,
HOSE,CHPG2334,CQ CHPG2334,
HOSE,CHPG2338,CQ CHPG2338,
HOSE,CHPG2339,CQ CHPG2339,
HOSE,CHPG2342,CQ CHPG2342,
HOSE,CHPG2402,CQ CHPG2402,
HOSE,CHPG2403,CQ CHPG2403,
HOSE,CHPG2404,CQ CHPG2404,
HOSE,CHPG2405,CQ CHPG2405,
UPCOM,CHS,Công ty Cổ phần Chiếu sáng Công cộng Thành phố Hồ Chí Minh,Ho Chi Minh City Public Lighting Joint Stock Company
UPCOM,CI5,Công ty Cổ phần Đầu tư Xây dựng số 5,No.5 Construction Investment Joint Stock Company
HNX,CIA,Công ty Cổ Phần Dịch Vụ Sân Bay Quốc Tế Cam Ranh,Cam Ranh International Airport Services Joint Stock Company
UPCOM,CID,Công ty Cổ phần Xây dựng và Phát triển Cơ sở Hạ tầng,Contruction and Infrastructure Development Joint Stock Corporation
HOSE,CIG,CTCP COMA18,COMA 18 Joint Stock Company
HOSE,CII,CTCP DT HT KY THUAT TPHCM,Ho Chi Minh City Infrastructure Investment Joint Stock Company
HNX,CII121029,,
HNX,CII42013,,
HNX,CII424002,,
UPCOM,CIP,Công ty Cổ phần Xây lắp và Sản xuất Công nghiệp,Construction and Industrial Production Joint Stock Company
HNX,CJC,Công ty Cổ phần Cơ điện Miền Trung,Central Area Electrical Mechanical Joint Stock Company
UPCOM,CK8,Công ty Cổ phần Cơ khí 120,120 Mechanical Joint Stock Company
UPCOM,CKA,Công ty Cổ phần Cơ khí An Giang,An Giang Mechanical Joint Stock Company
UPCOM,CKD,Công ty Cổ phần Cơ khí Đông Anh Licogi,Dong Anh Licogi Mechanical Joint Stock Company
HOSE,CKG,CTCP TD TVDTXD KIEN GIANG,Kien Giang Construction Investment Consultancy Corporation
HNX,CKV,Công ty Cổ phần CokyVina,CokyVina Joint Stock Company
HOSE,CLC,CTCP CAT LOI,Cat Loi Joint Stock Company
UPCOM,CLG,Công ty Cổ phần Đầu tư và Phát triển Nhà đất Cotec,Cotec Investment and Land - house Development Joint Stock Company
HNX,CLH,Công ty Cổ phần Xi măng La Hiên VVMI,La Hien Cement Joint Stock Company
HOSE,CLL,CTCP CANG CAT LAI,Cat Lai Port Joint Stock Company
HNX,CLM,Công ty Cổ phần Xuất nhập khẩu Than - Vinacomin,Vinacomin - Coal Import Export Joint Stock Company
HOSE,CLW,CTCP CAP NUOC CHO LON,ChoLon Water Supply Joint Stock Company
UPCOM,CLX,Công ty Cổ phần Xuất nhập khẩu và Đầu tư Chợ Lớn (CHOLIMEX),Cho Lon Investment And Import Export Corporation (CHOLIMEX)
HOSE,CMBB2315,CQ CMBB2315,
HOSE,CMBB2317,CQ CMBB2317,
HOSE,CMBB2318,CQ CMBB2318,
HOSE,CMBB2402,CQ CMBB2402,
HOSE,CMBB2403,CQ CMBB2403,
HOSE,CMBB2404,CQ CMBB2404,
HNX,CMC,Công ty Cổ phần Đầu tư CMC,CMC Investment Joint Stock Company
UPCOM,CMD,Công ty Cổ phần Vật liệu xây dựng và Trang trí nội thất TP Hồ Chí Minh,Construction Materials and Interior Decoration Joint Stock Company
UPCOM,CMF,Công ty Cổ phần Thực phẩm Cholimex,Cholimex Food Joint Stock Company
HOSE,CMG,CTCP TD CONG NGHE CMC,CMC Corporation
UPCOM,CMI,Công ty Cổ phần CMISTONE Việt Nam,CMISTONE Vietnam Stock Company
UPCOM,CMK,Công ty Cổ phần Cơ khí Mạo Khê - Vinacomin,Mao Khe - Vinacomin Mechanical Joint Stock Company
UPCOM,CMM,Công ty Cổ phần Camimex,CAMIMEX JOINT STOCK COMPANY
UPCOM,CMN,Công ty Cổ phần Lương thực Thực phẩm Colusa - Miliket,Colusa - Miliket Foodstuff Joint Stock Company
UPCOM,CMP,Công ty Cổ phần Cảng Chân Mây,ChanMay Port Joint Stock Company
HNX,CMS,Công ty Cổ phần Tập đoàn CMH Việt Nam,CMH Viet Nam Group Joint Stock Company
HOSE,CMSN2313,CQ CMSN2313,
HOSE,CMSN2316,CQ CMSN2316,
HOSE,CMSN2317,CQ CMSN2317,
HOSE,CMSN2401,CQ CMSN2401,
HOSE,CMSN2402,CQ CMSN2402,
HOSE,CMSN2403,CQ CMSN2403,
UPCOM,CMT,Công ty Cổ phần Công nghệ mạng và Truyền thông,Information and Networking technology Joint stock Company
HOSE,CMV,CTCP THUONG NGHIEP CA MAU,Ca Mau Trading Joint Stock Company
UPCOM,CMW,Công ty Cổ phần Cấp nước Cà Mau,Ca Mau Water Supply Joint Stock Company
HOSE,CMWG2314,CQ CMWG2314,
HOSE,CMWG2316,CQ CMWG2316,
HOSE,CMWG2401,CQ CMWG2401,
HOSE,CMWG2402,CQ CMWG2402,
HOSE,CMWG2403,CQ CMWG2403,
HOSE,CMWG2404,CQ CMWG2404,
HOSE,CMX,CTCP CAMIMEX GROUP,CAMIMEX Group Joint Stock Company
HNX,CMX123035,,
UPCOM,CNA,Công ty Cổ phần Tổng công ty Chè Nghệ An,Nghe An Tea Corporation Joint Stock Company
UPCOM,CNC,Công ty Cổ phần Công nghệ cao Traphaco,Traphaco High Tech Joint Stock Company
HOSE,CNG,CTCP CNG VIET NAM,Clean Natural Gas Vietnam Joint Stock Company
UPCOM,CNN,"Công ty Cổ phần Tư vấn Công nghệ, Thiết bị và Kiểm định Xây dựng - CONINCO",Consultant and Inspection Joint Stock Company of Construction Technology and Equipment
UPCOM,CNT,Công ty Cổ phần Tập đoàn CNT,CNT Group Corporation
HOSE,COM,CTCP VAT TU XANG DAU,Materials - Petroleum Joint Stock Company
UPCOM,CPA,Công ty Cổ phần Cà phê Phước An,Phuoc An Coffee Joint Stock Company
HNX,CPC,Công ty Cổ phần Thuốc sát trùng Cần Thơ,Cantho Pesticides Joint Stock Company
UPCOM,CPH,Công ty Cổ phần Phục vụ Mai táng Hải Phòng,Haiphong Funeral Services Joint Stock Company
UPCOM,CPI,Công ty Cổ phần Đầu tư Cảng Cái Lân,Cai Lan Port Investment Joint Stock Company
HOSE,CPOW2314,CQ CPOW2314,
HOSE,CPOW2315,CQ CPOW2315,
UPCOM,CQN,Công ty Cổ phần Cảng Quảng Ninh,Quang Ninh Port Joint Stock Company
UPCOM,CQT,Công ty Cổ phần Xi măng Quán Triều VVMI,VVMI Quan Trieu Cement Joint Stock Company
HOSE,CRC,CTCP CREATE CAPITAL VN,Create Capital Viet Nam Joint Stock Company
HOSE,CRE,CTCP BDS THE KY,Century Land Joint Stock Company
HNX,CSC,Công ty Cổ phần Tập đoàn COTANA,COTANA GROUP Joint Stock Company
HOSE,CSHB2305,CQ CSHB2305,
HOSE,CSHB2306,CQ CSHB2306,
UPCOM,CSI,Công ty Cổ phần Chứng khoán Kiến thiết Việt Nam,Vietnam Construction Securities Joint Stock Company
HOSE,CSM,CTCP CN CAO SU MIEN NAM,The Southern Rubber Industry Joint Stock Company
UPCOM,CST,Công ty Cổ phần Than Cao Sơn - TKV,Cao Son Coal Joint Stock Company
HOSE,CSTB2313,CQ CSTB2313,
HOSE,CSTB2328,CQ CSTB2328,
HOSE,CSTB2332,CQ CSTB2332,
HOSE,CSTB2333,CQ CSTB2333,
HOSE,CSTB2334,CQ CSTB2334,
HOSE,CSTB2337,CQ CSTB2337,
HOSE,CSTB2402,CQ CSTB2402,
HOSE,CSTB2403,CQ CSTB2403,
HOSE,CSTB2404,CQ CSTB2404,
HOSE,CSTB2405,CQ CSTB2405,
HOSE,CSTB2406,CQ CSTB2406,
HOSE,CSTB2407,CQ CSTB2407,
HOSE,CSV,CTCP HOA CHAT CB MIEN NAM,South Basic Chemicals Joint Stock Company
UPCOM,CT3,Công ty Cổ phần Đầu tư và Xây dựng công trình 3,Project 3 Construction And Investment Joint Stock Company
UPCOM,CT6,Công ty Cổ phần Công trình 6,Construction Joint Stock Company No.6
UPCOM,CTA,Công ty Cổ phần Vinavico,Vinavico Joint Stock Company
HNX,CTB,Công ty Cổ phần Chế tạo Bơm Hải Dương,Hai Duong Pump Manufacturing Joint Stock Company
HNX,CTC,Công ty Cổ phần Tập đoàn Hoàng Kim Tây Nguyên,Hoang Kim Tay Nguyen Group Joint Stock Company
HOSE,CTCB2309,CQ CTCB2309,
HOSE,CTCB2310,CQ CTCB2310,
HOSE,CTCB2402,CQ CTCB2402,
HOSE,CTD,CTCP XAY DUNG COTECCONS,Coteccons Construction Joint Stock Company
HNX,CTD122015,,
HOSE,CTF,CTCP CITY AUTO,City Auto Corporation
HOSE,CTG,NH TMCP CONG THUONG VN,Vietnam Joint Stock Commercial Bank For Industry and Trade
HNX,CTG121030,,
HNX,CTG121031,,
HNX,CTG123018,,
HNX,CTG123019,,
HNX,CTG123033,,
HNX,CTG123034,,
HOSE,CTI,CTCPDTPT CUONGTHUAN IDICO,Cuong Thuan IDICO Development Investment Corporation
UPCOM,CTN,Công ty Cổ phần Xây dựng Công trình ngầm,Underground Works Construction Joint Stock Company - VINAVICO
HNX,CTP,Công ty Cổ phần Minh Khang Capital Trading Public,Minh Khang Capital Trading Public Joint Stock Company
HOSE,CTPB2306,CQ CTPB2306,
HOSE,CTPB2402,CQ CTPB2402,
HOSE,CTR,TCTCP CONG TRINH VIETTEL,Viettel Construction Joint Stock Corporation
HOSE,CTS,CTCP CK NH CONG THUONG VN,Vietnam Bank For Industry And Trade Securities Joint Stock Company
HNX,CTT,Công ty Cổ phần Chế tạo máy Vinacomin,Vinacomin-Machinery Joint Stock Company
UPCOM,CTW,Công ty Cổ phần Cấp thoát nước Cần Thơ,Can Tho Water Supply - Sewerage Joint Stock Company
UPCOM,CTX,Tổng Công ty Cổ phần Đầu tư Xây dựng và Thương mại Việt Nam,Vietnam Investment Construction And Trading Joint Stock Corporation
HOSE,CVHM2313,CQ CVHM2313,
HOSE,CVHM2317,CQ CVHM2317,
HOSE,CVHM2318,CQ CVHM2318,
HOSE,CVHM2402,CQ CVHM2402,
HOSE,CVHM2403,CQ CVHM2403,
HOSE,CVHM2404,CQ CVHM2404,
HOSE,CVHM2405,CQ CVHM2405,
HOSE,CVIB2305,CQ CVIB2305,
HOSE,CVIB2306,CQ CVIB2306,
HOSE,CVIB2307,CQ CVIB2307,
HOSE,CVIB2402,CQ CVIB2402,
HOSE,CVIB2403,CQ CVIB2403,
HOSE,CVIB2404,CQ CVIB2404,
HOSE,CVIC2309,CQ CVIC2309,
HOSE,CVIC2313,CQ CVIC2313,
HOSE,CVIC2314,CQ CVIC2314,
HOSE,CVIC2401,CQ CVIC2401,
HOSE,CVIC2402,CQ CVIC2402,
HOSE,CVIC2403,CQ CVIC2403,
HNX,CVN,Công ty Cổ phần Vinam,Vinam Joint Stock Company
HOSE,CVNM2311,CQ CVNM2311,
HOSE,CVNM2314,CQ CVNM2314,
HOSE,CVNM2315,CQ CVNM2315,
HOSE,CVNM2401,CQ CVNM2401,
HOSE,CVNM2402,CQ CVNM2402,
HOSE,CVNM2403,CQ CVNM2403,
HOSE,CVNM2404,CQ CVNM2404,
HOSE,CVPB2315,CQ CVPB2315,
HOSE,CVPB2318,CQ CVPB2318,
HOSE,CVPB2319,CQ CVPB2319,
HOSE,CVPB2321,CQ CVPB2321,
HOSE,CVPB2322,CQ CVPB2322,
HOSE,CVPB2401,CQ CVPB2401,
HOSE,CVPB2402,CQ CVPB2402,
HOSE,CVPB2403,CQ CVPB2403,
HOSE,CVPB2404,CQ CVPB2404,
HOSE,CVPB2405,CQ CVPB2405,
HOSE,CVPB2406,CQ CVPB2406,
HOSE,CVRE2315,CQ CVRE2315,
HOSE,CVRE2319,CQ CVRE2319,
HOSE,CVRE2320,CQ CVRE2320,
HOSE,CVRE2401,CQ CVRE2401,
HOSE,CVRE2402,CQ CVRE2402,
HOSE,CVRE2403,CQ CVRE2403,
HOSE,CVRE2404,CQ CVRE2404,
HOSE,CVT,CTCP CMC,CMC Joint Stock Company
HNX,CVT122008,,
HNX,CVT122009,,
HNX,CX8,Công ty Cổ phần Đầu tư và Xây lắp Constrexim số 8,Constrexim No. 8 Investment and Construction Joint Stock Company
UPCOM,CYC,Công ty Cổ phần Gạch men Chang Yih,Chang Yih Ceramic Joint Stock Company
HNX,D11,Công ty Cổ phần Địa ốc 11,Real Estate 11 Joint Stock Company
UPCOM,D17,Công ty Cổ Phần Đồng Tân,Dong Tan Joint Stock Company
HOSE,D2D,CTCP PT DO THI CN SO 2,Industrial Urban Development Joint - Stock Company No.2
UPCOM,DAC,Công ty Cổ phần 382 Đông Anh,382 Dong Anh Joint -Stock Company
HNX,DAD,Công ty Cổ phần Đầu tư và Phát triển Giáo dục Đà Nẵng,Danang Education Development And Investment Joint Stock Company
HNX,DAE,Công ty Cổ phần Sách Giáo dục tại Thành phố Đà Nẵng,Educational Book Joint Stock Company in Da Nang City
HOSE,DAG,CTCP TAP DOAN NHUA DONG A,Dong A Plastic Group Joint Stock Company
HOSE,DAH,CTCP TD KHACH SAN DONG A,Dong A Hotel Group Joint Stock Company
UPCOM,DAN,Công ty Cổ phần Dược Danapha,Danapha Pharmaceutical joint stock company
UPCOM,DAS,Công ty Cổ phần Máy - Thiết bị Dầu khí Đà Nẵng,Danang Petroleum Machinery - Technology Joint Stock Company
HOSE,DAT,CTCP DTDL&PT THUY SAN,Travel Investment and Seafood Development Corporation
HOSE,DBC,CTCP TD DABACO VIET NAM,DABACO Group
HOSE,DBD,CTCP DUOC-TTBYTE BINHDINH,Binh Dinh Pharmaceutical and Medical Equipment Joint Stock Company
UPCOM,DBM,Công ty Cổ phần Dược - Vật tư Y tế Đắk Lắk,Dak Lak Pharmaceutical Medical Equipment Joint Stock Company
HOSE,DBT,CTCP DUOC PHAM BEN TRE,Ben Tre Pharmaceutical Joint-Stock Company
UPCOM,DC1,Công ty Cổ phần Đầu tư Phát triển Xây dựng số 1,Development Investment Construction Number 1 Joint Stock Company
HNX,DC2,Công ty Cổ phần Đầu tư Phát triển - Xây dựng (DIC) số 2,Development Investment Construction Number 2 Joint Stock Company
HOSE,DC4,CTCP XD DIC HOLDINGS,DIC Holdings Construction Joint Stock Company
UPCOM,DCF,Công ty Cổ phần Xây dựng và Thiết kế số 1,Design and Construction Joint Stock Company No.1
UPCOM,DCG,Công ty Cổ phần Tổng Công ty May Đáp Cầu,DapCau Garment Corporation Joint Stock Company
UPCOM,DCH,Công ty Cổ phần Địa chính Hà Nội,Ha Noi Cadastral Survey Joint Stock Company
HOSE,DCL,CTY CP DUOC PHAM CUU LONG,Cuu Long Pharmaceutical Joint Stock Corporation
HOSE,DCM,CTCP PHAN BON DK CA MAU,PetroVietnam Ca Mau Fertilizer Joint Stock Company
UPCOM,DCR,Công ty Cổ phần Gạch men COSEVCO,COSEVCO Ceramic Tiles Joint Stock Company
UPCOM,DCS,Công ty Cổ phần Tập đoàn Đại Châu,Dai Chau Group Joint Stock Company
UPCOM,DCT,Công ty Cổ phần Tấm lợp Vật liệu Xây dựng Đồng Nai,Dong Nai Roofsheet & Construction Material Joint Stock Company
HNX,DDG,Công ty Cổ phần Đầu tư Công nghiệp Xuất nhập khẩu Đông Dương,Indochine Import Export Investment Industrial Joint Stock Company
UPCOM,DDH,Công ty Cổ phần Đảm bảo giao thông đường thủy Hải Phòng,Hai Phong Waterway Traffic Assurance Joint Stock Company
UPCOM,DDM,Công ty Cổ phần Hàng hải Đông Đô,Dong Do Marine Joint Stock Company
UPCOM,DDN,Công ty Cổ phần Dược - Thiết bị y tế Đà Nẵng,Danang Pharmaceutical Medical Equipment Joint Stock Company
UPCOM,DDV,Công ty Cổ phần DAP - Vinachem,DAP - Vinachem Joint Stock Company
UPCOM,DFC,Công ty Cổ phần Xích líp Đông Anh,Dong Anh C&F Joint Stock Company
UPCOM,DFF,Công ty Cổ phần Tập đoàn Đua Fat,Dua Fat Group Joint Stock Company
HOSE,DGC,CTCPTD HOA CHAT DUC GIANG,Ducgiang Chemicals Group Joint Stock Company
UPCOM,DGT,Công ty Cổ phần Công trình Giao thông Đồng Nai,DONA Transportation Construction Joint Stock Company
HOSE,DGW,CTCP THE GIOI SO,Digiworld Corporation
HOSE,DHA,CTY CP HOA AN,Hoa An Joint Stock Company
UPCOM,DHB,Công ty Cổ phần Phân đạm và Hóa chất Hà Bắc,HaBac Nitrogenous Ferlitizer & Chemicals Joint Stock Company
HOSE,DHC,CTCP DONG HAI BEN TRE,Dong Hai Joint Stock Company of Ben Tre
UPCOM,DHD,Công ty Cổ phần Dược Vật Tư Y Tế Hải Dương,Hai Duong Pharmaceutical Medical Material Joint Stock Company
HOSE,DHG,CTCP DUOC HAU GIANG,DHG Pharmaceutical Joint Stock Company
HOSE,DHM,CTCP TM&KT KS DUONG HIEU,Duong Hieu Trading and Mining Joint Stock Company
UPCOM,DHN,Công ty Cổ phần Dược phẩm Hà Nội,Ha Noi Pharmar Joint Stock Company
HNX,DHP,Công ty Cổ phần Điện cơ Hải Phòng,Hai Phong Electrical Mechanical Joint Stock Company
HNX,DHT,Công ty Cổ phần Dược phẩm Hà Tây,Hatay Pharmaceutical Joint Stock Company
UPCOM,DIC,Công ty Cổ phần Đầu tư và Thương mại DIC,DIC Investment and Trading Joint Stock Company
UPCOM,DID,Công ty Cổ phần DIC - Đồng Tiến,DIC - Dong Tien Joint Stock Company
HOSE,DIG,TCT CP DT PT XAY DUNG,Development Investment Construction Joint Stock Corporation
HNX,DIH,Công ty Cổ phần Đầu tư Phát triển Xây dựng - Hội An,Development Investment Construction Hoi An Joint Stock Company
UPCOM,DKC,Công ty Cổ phần Chợ Lạng Sơn,Lang Son Market Joint Stock Company
HNX,DL1,Công ty Cổ phần Tập đoàn Alpha Seven,Alpha Seven Group Joint Stock Company
UPCOM,DLD,Công ty Cổ phần Du lịch Đắk Lắk,DakLak Tourist Joint Stock Company
HOSE,DLG,CTCP TD DUC LONG GIA LAI,Duc Long Gia Lai Group Joint Stock Company
UPCOM,DLR,Công ty Cổ phần Địa ốc Đà Lạt,Dalat Real Estate Joint Stock Company
UPCOM,DLT,Công ty Cổ phần Du lịch và Thương mại - Vinacomin,Vinacomin - Tourism & Trading Joint Stock Company
UPCOM,DM7,Công ty Cổ phần Dệt may 7,Det May 7 Joint Stock Company
HOSE,DMC,CTCP XNK Y TE DOMESCO,Domesco Medical Import - Export Joint Stock Corporation
UPCOM,DMN,Công ty Cổ phần Domenal,Domenal Joint Stock Company
UPCOM,DMS,Công ty Cổ phần Hóa phẩm dầu khí DMC - Miền Nam,DMC - Southern Petroleum Chemicals Join Stock Company
UPCOM,DNA,Công ty Cổ phần Điện nước An Giang,An Giang Power and Water Supply Joint Stock Company
HNX,DNC,Công ty Cổ phần Điện nước Lắp máy Hải Phòng,Haiphong Electricity Water Machine Assembly Joint Stock Company
UPCOM,DND,Công ty Cổ phần Đầu tư Xây dựng và Vật liệu Đồng Nai,Dong Nai Material and Building Investment Joint Stock Company
UPCOM,DNE,Công ty Cổ phần Môi trường Đô thị Đà Nẵng,Danang Urban Environment Joint Stock Company
UPCOM,DNH,Công ty Cổ phần Thủy điện Đa Nhim - Hàm Thuận - Đa Mi,Da Nhim - Ham Thuan - Da Mi Hydro Power Joint Stock Company
UPCOM,DNL,Công ty Cổ phần Logistics Cảng Đà Nẵng,Da Nang Port Logistics Joint Stock Company
UPCOM,DNM,Tổng Công ty Cổ phần Y tế Danameco,Danameco Medical Joint Stock Corporation
UPCOM,DNN,Công ty Cổ phần Cấp nước Đà Nẵng,Da Nang Water Supply Joint Stock Company
HNX,DNP,Công ty Cổ phần DNP Holding,DNP Holding Joint Stock Company
UPCOM,DNT,Công ty Cổ phần Du lịch Đồng Nai,Dong Nai Tourist Joint Stock Company
UPCOM,DNW,Công ty Cổ phần Cấp nước Đồng Nai,Dong Nai Water Joint Stock Company
UPCOM,DOC,Công ty Cổ phần Vật tư nông nghiệp Đồng Nai,Dong Nai Joint Stock Company of Agricultural Material
UPCOM,DOP,Công ty Cổ phần Vận tải Xăng dầu Đồng Tháp,DongThap Petroleum Transportation Joint Stock Company
UPCOM,DP1,Công ty Cổ phần Dược phẩm Trung ương CPC1,Central Pharmaceutical CPC1. Joint Stock Company
UPCOM,DP2,Công ty Cổ phần Dược phẩm Trung ương 2,Central Phamarceutical Joint Stock Company No 2
HNX,DP3,Công ty Cổ Phần Dược Phẩm Trung Ương 3,Central Phamarceutical Joint Stock Company No 3
UPCOM,DPC,Công ty Cổ phần Nhựa Đà Nẵng,Da Nang Plastic Joint Stock Company
HOSE,DPG,CTCP TAP DOAN DAT PHUONG,Dat Phuong Group Joint Stock Company
UPCOM,DPH,Công ty Cổ phần Dược phẩm Hải Phòng,Hai Phong Pharmaceutical Joint Stock Company
HOSE,DPM,TCT PB&HC DAU KHI-CTCP,Petrovietnam Fertilizer and Chemicals Corporation
UPCOM,DPP,Công ty Cổ phần Dược Đồng Nai,Dong Nai Pharmaceutical Joint Stock Company
HOSE,DPR,CTCP CAO SU DONG PHU,Dong Phu Rubber Joint Stock Company
UPCOM,DPS,Công ty Cổ phần Đầu tư Phát triển Sóc Sơn,Soc Son Development Investment Joint Stock Company
HOSE,DQC,CTCP BONG DEN DIEN QUANG,Dien Quang Group Joint Stock Company
HOSE,DRC,CTCP CAO SU DA NANG,DaNang Rubber Joint Stock Company
UPCOM,DRG,Công ty Cổ phần Cao su Đắk Lắk,Dak Lak Rubber Joint Stock Company
HOSE,DRH,CTCP DRH HOLDINGS,DRH Holdings JSC
UPCOM,DRI,Công ty Cổ phần Đầu tư Cao su Đắk Lắk,DakLak Rubber Investment Joint Stock Company
HOSE,DRL,CTCP THUY DIEN-DIEN LUC 3,Hydro Power Joint Stock Company - Power No.3
HNX,DS3,Công ty Cổ phần DS3,DS3 Joint Stock Company
UPCOM,DSC,Công ty Cổ phần Chứng khoán DSC,DSC Securities Corporation
UPCOM,DSD,Công ty cổ phần DHC Suối Đôi,DHC Suoi Doi Corporation
HOSE,DSE,CTCP CHUNG KHOAN DNSE,DNSE Securities Joint Stock Company
UPCOM,DSG,Công ty Cổ phần Kính Đáp Cầu,Dap Cau Sheet Glass Joint Stock Company
HOSE,DSN,CTCP CVN DAM SEN,Dam Sen Water Park Corporation
UPCOM,DSP,Công ty Cổ phần Dịch vụ Du lịch Phú Thọ,Phu Tho Tourist Service Joint Stock Company
HNX,DST,Công ty Cổ phần Đầu tư Sao Thăng Long,Sao Thang Long Investment Joint Stock Company
HOSE,DTA,CTCP DE TAM,De Tam Joint Stock Company
UPCOM,DTB,Công ty Cổ phần Công trình Đô thị Bảo Lộc,Bao Loc Urban Project Joint Stock Company
HNX,DTC,Công ty Cổ phần Viglacera Đông Triều,Dong Trieu Viglacera Joint Stock Company
HNX,DTD,Công ty Cổ phần Đầu tư Phát triển Thành Đạt,Thanh Dat Investment Development Joint Stock Company
UPCOM,DTE,Công ty Cổ phần Đầu tư Năng lượng Đại Trường Thành Holdings,Dai Truong Thanh Holdings Energy Investment Joint Stock Company
HNX,DTG,Công ty Cổ phần Dược phẩm Tipharco,Tipharco Pharmaceutical Joint Stock Company
UPCOM,DTH,Công ty Cổ phần Dược - Vật tư Y tế Thanh Hóa,Thanh Hoa Medical Materials Pharmaceutial Joint Stock Company
UPCOM,DTI,Công ty Cổ phần Đầu tư Đức Trung,Duc Trung Investment Join Stock Company
HNX,DTK,Tổng Công ty Điện lực TKV - Công ty Cổ phần,Vinacomin - Power Holding Corporation
HOSE,DTL,CTCP DAI THIEN LOC,Dai Thien Loc Corporation
UPCOM,DTP,Công ty Cổ phần Dược phẩm CPC1 Hà Nội,Ha Noi CPC1 Pharmaceutical Joint Stock Company
HOSE,DTT,CTCP KY NGHE DO THANH,Do Thanh Technology Corporation
UPCOM,DUS,Công ty Cổ phần Dịch vụ Đô thị Đà Lạt,Da Lat Urban Server Joint Stock Company
UPCOM,DVC,Công ty Cổ phần Thương mại dịch vụ Tổng Hợp Cảng Hải Phòng,Hai Phong Port Trading and Service Joint Stock Company
HNX,DVG,Công ty Cổ phần Đại Việt Group DVG,Dai Viet DVG Group Joint Stock Company
HNX,DVM,Công ty Cổ phần Dược liệu Việt Nam,Vietnam Medicinal Materials Joint Stock Company
UPCOM,DVN,Tổng Công ty Dược Việt Nam - CTCP,Vietnam Pharmaceutical Corporation (VINAPHARM)
HOSE,DVP,CTCP DT&PT CANG DINH VU,Dinh Vu Port Investment & Development Joint Stock Company
UPCOM,DVW,Công ty Cổ phần Dịch vụ và Xây dựng cấp nước Đồng Nai,Dong Nai Water Supply Construction and Services Joint Stock Company
UPCOM,DWC,Công ty Cổ phần Cấp nước Đắk Lắk,Daklak Water Supply Joint Stock Company
UPCOM,DWS,Công ty Cổ phần Cấp nước và Môi trường Đô thị Đồng Tháp,Dong Thap Water Supply & Urban Environment Joint - Stock Company
HOSE,DXG,CTCP TAP DOAN DAT XANH,Dat Xanh Group Joint Stock Company
UPCOM,DXL,Công ty Cổ phần Du lịch và Xuất nhập khẩu Lạng Sơn,Lang Son Tourism and Import - Export Joint Stock Company
HNX,DXP,Công ty Cổ phần Cảng Đoạn Xá,Doan Xa Port Joint Stock Company
HOSE,DXS,CTCP DICH VU BDS DAT XANH,Dat Xanh Real Estate Services Joint Stock Company
HOSE,DXV,CTCP VICEM VLXD DA NANG,Danang Building Material VICEM Joint Stock Company
UPCOM,DZM,Công ty Cổ phần Cơ điện Dzĩ An,Dzi An Mechanoelectric Joint Stock Company
UPCOM,E12,Công ty Cổ phần Xây Dựng Điện VNECO 12,VNECO 12 Electricity Construction Joint-stock Company
HOSE,E1VFVN30,QUY ETF DCVFMVN30,VFMVN30 ETF Fund
UPCOM,E29,Công ty cổ phần Đầu tư Xây dựng và Kỹ thuật 29,29 Investment Construction And Engineering Joint Stcock Company
HNX,EBS,Công ty Cổ phần Sách Giáo dục tại Thành phố Hà Nội,Educational Book Joint Stock Company In Hanoi city
HNX,ECI,Công ty Cổ phần Tập đoàn ECI,ECI Group Joint Stock Company
UPCOM,EFI,Công ty Cổ phần Đầu tư Tài chính Giáo dục,Education Financial Investment Joint Stock Company
HOSE,EIB,NH TMCP XNK VIET NAM,Vietnam Export Import Commercial Joint Stock Bank
UPCOM,EIC,Công ty Cổ phần EVN Quốc Tế,EVN International Joint Stock Company
HNX,EID,Công ty Cổ phần Đầu tư và Phát triển Giáo dục Hà Nội,Hanoi Education Development and Investment Joint Stock Company
UPCOM,EIN,Công ty Cổ phần Đầu tư - Thương Mại - Dịch vụ Điện lực,Power Investment - Trade - Service Joint Stock Company
HOSE,ELC,CTCP CN-VT ELCOM,ELCOM Technology Communications Corporation
UPCOM,EME,Công ty Cổ phần Điện Cơ,Electro Mechanical Corporation
UPCOM,EMG,Công ty Cổ phần Thiết bị Phụ tùng Cơ điện,Electrical Mechanical Equipment and Spare Parts Joint Stock Company
UPCOM,EMS,Tổng Công ty Chuyển phát nhanh Bưu điện - Công ty Cổ phần,VN Post Express Joint Stock Corporation
UPCOM,EPC,Công ty Cổ phần Cà Phê Ea Pốk,Ea Pok Coffee Joint Stock Company
UPCOM,EPH,Công ty Cổ phần Dịch vụ Xuất bản Giáo dục Hà Nội,Ha Noi Education Publishing Services Joint Stock Company
HOSE,EVE,CTCP EVERPIA,Everpia Joint Stock Company
HOSE,EVF,CT TAI CHINH CP DIEN LUC,EVN Finance Joint Stock Company
HOSE,EVG,CTCP TAP DOAN EVERLAND,Everland Group Joint Stock Company
HNX,EVS,Công ty Cổ phần Chứng khoán Everest,Everest Securities Joint Stock Company
UPCOM,FBA,Công ty Cổ phần Tập đoàn Quốc tế FBA,FBA International Group
UPCOM,FBC,Công ty Cổ phần Cơ khí Phổ Yên,Pho Yen Mechanical Joint Stock Company
UPCOM,FCC,Công ty Cổ phần Liên hợp Thực phẩm,Foodstuff Combinatorial Joint Stock Company
HOSE,FCM,CTCP KHOANG SAN FECON,FECON Mining Joint Stock Company
HOSE,FCN,CTCP FECON,FECON Corporation
UPCOM,FCS,Công ty Cổ phần Lương thực Thành phố Hồ Chí Minh,Ho Chi Minh City Food Joint Stock Company
HOSE,FDC,CTCP NT&PTDT TPHCM,Foreign Trade Development And Investment Corporation of Ho Chi Minh City
UPCOM,FGL,Công ty Cổ phần Cà phê Gia Lai,Gia Lai Coffee Joint Stock Company
UPCOM,FHN,Công ty Cổ phần Xuất nhập khẩu Lương thực - Thực phẩm Hà Nội,Hanoi Food Import - Export Joint Stock Company
UPCOM,FHS,Công ty Cổ phần Phát hành sách Thành phố Hồ Chí Minh - FAHASA,Hochiminh City Book Distribution Corporation
UPCOM,FIC,Tổng Công ty Vật liệu Xây dựng số 1 - Công ty Cổ phần,FICO Corporation - JSC
HNX,FID,Công ty Cổ phần Đầu tư và Phát triển Doanh nghiệp Việt Nam,Vietnam Enterprise Investment and Development Joint Stock Company
HOSE,FIR,CTCP DIA OC FIRST REAL,First Real Joint Stock Company
HOSE,FIT,CTCP TAP DOAN F.I.T,F.I.T Group Joint Stock Company
UPCOM,FLC,Công ty Cổ phần Tập đoàn FLC,FLC Group Joint Stock Company
HOSE,FMC,CTCP THUC PHAM SAO TA,Sao Ta Foods Joint Stock Company
UPCOM,FOC,Công ty Cổ phần Dịch vụ Trực tuyến FPT,FPT Online Service Joint Stock Company
UPCOM,FOX,Công ty Cổ phần Viễn thông FPT,FPT Telecom
HOSE,FPT,CTCP FPT,FPT Corporation
UPCOM,FRC,Công ty Cổ phần Lâm đặc sản xuất khẩu Quảng Nam,Forest Products Export Joint Stock Company of Quang Nam
UPCOM,FRM,Công ty Cổ phần Lâm nghiệp Sài Gòn,Sai Gon Forestry Import Export Joint Stock Company
HOSE,FRT,CTCP BAN LE KTS FPT,FPT Digital Retail Joint Stock Company
UPCOM,FSO,Công ty Cổ phần Cơ khí đóng tàu thủy sản Việt Nam,Vietnam Fishery Mechanical Shipbuilding Joint Stock Company
UPCOM,FT1,Công ty Cổ phần Phụ tùng máy số 1,Machinery Spare Parts N01 Joint Stock Company
UPCOM,FTI,Công ty Cổ phần Công nghiệp - Thương mại Hữu Nghị,Friendship Trading - Industrial Joint Stock Company
UPCOM,FTM,Công ty Cổ phần Đầu tư và Phát triển Đức Quân,Duc Quan Investment and Development Joint Stock Company
HOSE,FTS,CTCP CHUNG KHOAN FPT,FPT Securities Joint Stock Company
HOSE,FUCTVGF3,QUY DAU TU TANG TRUONG TH,
HOSE,FUCTVGF4,QUY DAU TU TANG TRUONG TH,
HOSE,FUCTVGF5,QUY DAU TU TANG TRUONG TH,
HOSE,FUCVREIT,QUY DT BDS TECHCOM VN,Techcom Vietnam REIT Fund
HOSE,FUEBFVND,QUY ETF BVFVN DIAMOND,
HOSE,FUEDCMID,QUY ETF DCVFMVNMIDCAP,
HOSE,FUEFCV50,QUY ETF FPT CAPITAL VNX50,
HOSE,FUEIP100,QUY ETF IPAAM VN100,
HOSE,FUEKIV30,QUY ETF KIM GROWTH VN30,
HOSE,FUEKIVFS,QUY ETF KIM GROWTH VNFINS,
HOSE,FUEKIVND,QUY ETF KIM GROWTH VN DIA,
HOSE,FUEMAV30,QUY ETF MAFM VN30,
HOSE,FUEMAVND,QUY ETF MAFM VNDIAMOND,
HOSE,FUESSV30,QUY ETF SSIAM VN30,
HOSE,FUESSV50,QUY ETF SSIAM VNX50,SSIAM VNX50 ETF
HOSE,FUESSVFL,QUY ETF SSIAM VNFIN LEAD,QUY ETF SSIAM VNFIN LEAD
HOSE,FUEVFVND,QUY ETF DCVFMVN DIAMOND,QUY ETF VFMVN DIAMOND
HOSE,FUEVN100,QUY ETF VINACAPITAL VN100,
UPCOM,G20,Công ty Cổ phần Đầu tư Dệt may Vĩnh Phúc,Vinh Phuc Textile Investment Joint Stock Company
UPCOM,G36,Tổng Công ty 36 - Công ty Cổ phần,36 Corporation
UPCOM,GAB,Công ty Cổ phần Đầu tư Khai khoáng & Quản lý Tài sản FLC,FLC Mining Investment & Asset Management Joint Stock Company
HOSE,GAS,TCT KHI VIET NAM - CTCP,PetroVietnam Gas Joint Stock Corporation
DERIVATIVES,GB05F2409,,
DERIVATIVES,GB05F2412,,
DERIVATIVES,GB05F2503,,
DERIVATIVES,GB10F2409,,
DERIVATIVES,GB10F2412,,
DERIVATIVES,GB10F2503,,
UPCOM,GCB,Công ty Cổ phần PETEC Bình Định,PETEC Binh Dinh Joint Stock Company
UPCOM,GCF,Công ty Cổ phần Thực phẩm G.C,G.C Food Joint Stock Company
UPCOM,GDA,Công ty Cổ phần Tôn Đông Á,Ton Dong A Corporation
HOSE,GDT,CTCP CHE BIEN GO DUCTHANH,Duc Thanh Wood Processing Joint Stock Company
HNX,GDW,Công ty Cổ phần Cấp nước Gia Định,Gia Dinh Wasuco Joint Stock Company
HOSE,GEG,CTCP DIEN GIA LAI,Gia Lai Electricity Joint Stock Company
HNX,GEG121022,,
UPCOM,GER,Công ty Cổ phần Thể thao Ngôi sao Geru,Geru Star Sport Joint Stock Company
HOSE,GEX,CTCP TAP DOAN GELEX,Gelex Group Joint Stock Company
UPCOM,GGG,Công ty Cổ phần Ô tô Giải Phóng,GiaiPhong Motor Joint Stock Company
UPCOM,GH3,Công ty Cổ phần Công trình giao thông Hà Nội,Ha Noi Transport Project Joint Stock Company
UPCOM,GHC,Công ty Cổ phần Thủy điện Gia Lai,Gia Lai Hydropower Joint Stock Company
HNX,GIC,Công ty Cổ phần Đầu tư Dịch vụ và Phát triển Xanh,Green Development And Investment Service Joint Stock Company
HOSE,GIL,CTCP SXKD&XNK BINH THANH,Binh Thanh Import Export Production and Trade Joint Stock Company
HNX,GKM,Công ty Cổ phần GKM Holdings,GKM Holdings Joint Stock Company
UPCOM,GLC,Công ty Cổ phần Vàng Lào Cai,Lao Cai Gold Joint Stock Company
HNX,GLH121026,,
HNX,GLT,Công ty Cổ phần Kỹ thuật điện Toàn Cầu,Global Electrical Technology Corporation
UPCOM,GLW,Công ty Cổ phần Cấp thoát nước Gia Lai,Gia Lai Water Supply Sewerage  Joint Stock Company
HNX,GMA,Công ty Cổ phần G-Automobile,G-Automobile Joint Stock Company
HOSE,GMC,CTCP GARMEX SAI GON,Garmex Saigon Coporation
HOSE,GMD,CTCP GEMADEPT,Gemadept Corporation
HOSE,GMH,CTCP MINH HUNG QUANG TRI,Quang Tri Minh Hung Joint Stock Company
HNX,GMX,Công ty Cổ phần Gạch ngói Gốm xây dựng Mỹ Xuân,My Xuan Brick Tile Pottery and Construction Joint Stock Company
UPCOM,GND,Công ty Cổ phần Gạch ngói Đồng Nai,Dong Nai Brick and Tile Corporation
UPCOM,GPC,Công ty Cổ phần Tập đoàn Green+,Green Plus Joint Stock Corporation
UPCOM,GSM,Công ty Cổ phần Thủy điện Hương Sơn,Huong Son Hydro Power Joint Stock Company
HOSE,GSP,CTCP VT SP KHI QUOC TE,International Gas Product Shipping Joint Stock Company
HOSE,GTA,CTCP CHE BIEN GO THUAN AN,Thuan An Wood Processing Joint Stock Company
UPCOM,GTD,Công ty Cổ phần Giầy Thượng Đình,Thuong Dinh Footwear Joint Stock Company
UPCOM,GTS,Công ty Cổ phần Công trình Giao thông Sài Gòn,Saigon Traffic Construction Joint Stock Company
UPCOM,GTT,Công ty Cổ phần Thuận Thảo,Thuan Thao Corporation
HOSE,GVR,TD CN CAO SU VN -  CTCP,Viet Nam Rubber Group - Joint Stock Company
UPCOM,GVT,Công ty Cổ phần Giấy Việt Trì,Viet Tri Paper Joint Stock Company
UPCOM,H11,Công ty Cổ phần Xây dựng HUD101,HUD101 Construction Joint Stock Company
UPCOM,HAC,Công ty Cổ phần Chứng khoán Hải Phòng,Hai Phong Securities Joint Stock Company
HNX,HAD,Công ty Cổ phần Bia Hà Nội - Hải Dương,Hanoi - Haiduong Beer Joint Stock Company
UPCOM,HAF,Công ty Cổ phần Thực phẩm Hà Nội,Hanoi Foodstuff Joint Stock Company
HOSE,HAG,CTCP HOANG ANH GIA LAI,Hoang Anh Gia Lai Corporation
HOSE,HAH,CTCP VT VA XEP DO HAI AN,Hai An Transport and Stevedoring Joint Stock Company
UPCOM,HAI,Công ty Cổ phần Nông dược HAI,HAI AGROCHEM Joint Stock Company
UPCOM,HAM,Công ty Cổ phần Vật tư Hậu Giang,Hau Giang Materials Joint Stock Company
UPCOM,HAN,Tổng Công ty Xây dựng Hà Nội - CTCP,Hanoi Construction Corporation
HOSE,HAP,CTCP TAP DOAN HAPACO,Hapaco Group Joint Stock Company
HOSE,HAR,CTCP DTTMBDS AD THAO DIEN,An Duong Thao Dien Real Estate Trade Joint Stock Company
HOSE,HAS,CTCP HACISCO,Hacisco Joint Stock Company
HNX,HAT,Công ty Cổ phần Thương mại Bia Hà Nội,Hanoi Beer Trading Joint Stock Company
UPCOM,HAV,Công ty Cổ phần Rượu Hapro,Hapro Vodka Joint Stock Company
HOSE,HAX,CTCP DICH VU OTO HANGXANH,Hang Xanh Motors Service Joint Stock Company
HOSE,HBC,CTCP TD XAY DUNG HOA BINH,Hoa Binh Construction Group Joint Stock Company
UPCOM,HBD,Công ty Cổ phần Bao bì PP Bình Dương,Binh Duong PP Pack Making Joint Stock Company
UPCOM,HBH,Công ty Cổ phần HABECO - Hải Phòng,HABECO - Hai Phong Joint Stock Company
HNX,HBS,Công ty Cổ phần Chứng khoán Hòa Bình,Hoa Binh Securities Joint Stock Company
UPCOM,HC1,Công ty Cổ phần Xây dựng số 1 Hà Nội,Hanoi Construction Joint Stock Company No.1
UPCOM,HC3,Công ty Cổ phần Xây dựng số 3 Hải Phòng,HaiPhong Construction Joint Stock Corporation No3
UPCOM,HCB,Công ty Cổ phần Dệt may 29/3,March 29 Textile - Garment Joint Stock Company
HNX,HCC,Công ty Cổ phần Bê tông Hòa Cầm - Intimex,Intimex - Hoa Cam Concrete Joint Stock Company
HOSE,HCD,CTCP DTSX & TM HCD,HCD Investment Producing And Trading Joint Stock Company
UPCOM,HCI,Công ty Cổ phần Đầu tư - Xây dựng Hà Nội,Ha Noi Construction Investment Joint Stock Company
HOSE,HCM,CTY CPCK TP HO CHI MINH,Ho Chi Minh City Securities Corporation
HNX,HCT,Công ty Cổ phần Thương mại - Dịch vụ - Vận tải Xi măng Hải Phòng,Hai Phong Cement Transport And Trading Joint Stock Company
UPCOM,HD2,Công ty Cổ phần Đầu tư phát triển nhà HUD2,Housing Development Invesment Joint Stock Company HUD2
UPCOM,HD6,Công ty Cổ phần Đầu tư và Phát triển nhà số 6 Hà Nội,Hanoi Housing Development and Investment Joint Stock Company No. 6
UPCOM,HD8,Công ty Cổ phần Đầu tư Phát triển Nhà và Đô thị HUD8,Housing And Urban Development Investment Joint Stock Company HUD 8
HNX,HDA,Công ty Cổ phần Hãng sơn Đông Á,Dong A Paint Joint Stock Company
HOSE,HDB,NHTM CP PHAT TRIEN TPHCM,Ho Chi Minh City Development Joint Stock Commercial Bank
HNX,HDB124006,,
HOSE,HDC,CTCP PT NHA BA RIA-V.TAU,Ba Ria - Vung Tau House Development Joint Stock Company
HOSE,HDG,CTCP TAP DOAN HA DO,Ha Do Joint Stock Company
UPCOM,HDM,Công ty Cổ phần Dệt May Huế,Hue Textile Garment Joint Stock Company
UPCOM,HDO,Công ty Cổ phần Hưng Đạo Container,Hung Dao Container Joint Stock Company
UPCOM,HDP,Công ty Cổ phần Dược Hà Tĩnh,HaTinh Pharmaceutical Joint Stock Company
UPCOM,HDS,Công ty Cổ phần Giống cây trồng Hải Dương,Hai Duong Seeds Joint Stock Company
UPCOM,HDW,Công ty Cổ phần Kinh doanh Nước sạch Hải Dương,Hai Duong Water Joint Stock Company
UPCOM,HEC,Công ty Cổ phần Tư vấn xây dựng Thủy Lợi II,Hydraulic Engineering Consultant Corporation II
UPCOM,HEJ,Tổng Công ty Tư vấn Xây dựng Thủy Lợi Việt Nam - CTCP,Vietnam Hydraulic Engineering Consultants Corporation - JSC
UPCOM,HEP,Công ty Cổ phần Môi trường và Công trình đô thị Huế,Hue Urban Environment and Public Works Joint Stock Company
UPCOM,HES,Công ty Cổ phần Dịch vụ Giải trí Hà Nội,Ha Noi Entertaiment Services Corporation
HNX,HEV,Công ty Cổ phần Sách Đại học - Dạy nghề,Higher Education And Vocational Book Joint Stock Company
UPCOM,HFB,Công ty Cổ phần Công trình Cầu phà Thành phố Hồ Chí Minh,Ho Chi Minh City Ferry Bridge Construction Joint Stock Company
UPCOM,HFC,Công ty Cổ phần Xăng dầu HFC,HFC Petrol Joint Stock Company
UPCOM,HFX,Công ty Cổ phần Sản xuất - Xuất nhập khẩu Thanh Hà,Thanh Ha Production and Import - Export Joint Stock Company
HNX,HGM,Công ty Cổ phần Cơ khí và Khoáng sản Hà Giang,Ha Giang Mineral and Mechanics Joint Stock Company
UPCOM,HGT,Công ty Cổ phần Du lịch Hương Giang,Huong Giang Tourist Joint Stock Company
HNX,HHC,Công ty Cổ phần Bánh kẹo Hải Hà,Hai Ha Confectionery Joint Stock Company
UPCOM,HHG,Công ty Cổ phần Hoàng Hà,Hoang Ha Joint Stock Company
UPCOM,HHN,Công ty Cổ phần Vận tải và Dịch vụ Hàng hóa Hà Nội,Ha Noi Goods Services and Transport Joint Stock Company
HOSE,HHP,CTCP GIAY HOANG HA HP,HHP Global Joint Stock Company
HOSE,HHS,CTCP DT-DV HOANG HUY,Hoang Huy Investment Services Joint Stock Company
HOSE,HHV,CTCP DAU TU HA TANG GIAO,Deo Ca Traffic Infrastructure Investment Joint Stock Company
HOSE,HID,CTCP HALCOM VIET NAM,Halcom Vietnam Joint Stock Company
UPCOM,HIG,Công ty Cổ phần Tập đoàn HIPT,HIPT Group Joint Stock Company
HOSE,HII,CTCP AN TIEN INDUSTRIES,An Tien Industries Joint Stock Company
UPCOM,HIO,Công ty Cổ Phần Helio Energy,Helio Energy Joint Stock Company
UPCOM,HJC,Công ty Cổ phần Hòa Việt,Hoa Viet Joint Stock Company
HNX,HJS,Công ty Cổ phần Thủy điện Nậm Mu,Nam Mu Hydropower Joint Stock Company
UPCOM,HKB,Công ty Cổ phần Nông nghiệp và Thực phẩm Hà Nội - Kinh Bắc,Ha Noi - Kinh bac Agriculture and Food Joint Stock Company
HNX,HKT,Công ty Cổ phần Đầu tư Ego Việt Nam,Ego Viet Nam Investment Joint Stock Company
UPCOM,HLA,Công ty Cổ phần Hữu Liên Á Châu,Asia Huu Lien Joint Stock Company
UPCOM,HLB,Công ty Cổ phần Bia và Nước giải khát Hạ Long,Halong Beer and Beverage Joint Stock Company
HNX,HLC,Công ty Cổ phần Than Hà Lầm - Vinacomin,Ha Lam -  Vinacomin Coal Joint Stock Company
HNX,HLD,Công ty Cổ phần Đầu tư và Phát triển Bất động sản HUDLAND,HUDLAND Real Estate Investment and Development Joint
UPCOM,HLO,Công Ty Cổ Phần Công Nghệ Ha Lô,Ha Lo Technologies Joint Stock Company
UPCOM,HLS,Công ty Cổ phần Sứ kỹ thuật Hoàng Liên Sơn,Hoang Lien Son Technical Ceramic Joint Stock Company
UPCOM,HLT,Công ty Cổ phần Dệt may Hoàng Thị Loan,Hoang Thi Loan Textile - Garment Joint Stock Company
UPCOM,HLY,Công ty Cổ phần Gốm Xây Dựng Yên Hưng,Yen Hung Construction Ceramic Joint Stock Company
HOSE,HMC,CTCP KK TPHCM-VNSTEEL,VNSTEEL - Ho Chi Minh City Metal Corporation
UPCOM,HMG,Công ty Cổ phần Kim Khí Hà Nội - VNSTEEL,VNSTEEL - Hanoi Steel Corporation
HNX,HMH,Công ty Cổ phần Hải Minh,Hai Minh Corporation
HNX,HMR,Công ty cổ phần Đá Hoàng Mai,Hoang Mai Stone Joint Stock Company
UPCOM,HMS,Công ty Cổ phần Xây dựng Bảo tàng Hồ Chí Minh,Hochiminh Museum Construction Joint Stock Company
HOSE,HNA,CTCP THUY DIEN HUA NA,Hua Na Hydropower Joint Stock Company
UPCOM,HNB,Công ty Cổ phần Bến xe Hà Nội,Ha Noi Transport Station Joint Stock Company
UPCOM,HND,Công ty Cổ phần Nhiệt điện Hải Phòng,Hai Phong Thermal power Joint Stock Company
UPCOM,HNF,Công ty Cổ phần Thực phẩm Hữu Nghị,Huu Nghi Food Joint Stock Company
HOSE,HNG,CTCP NNQT H/ANH GIA LAI,Hoang Anh Gia Lai Agricultural Joint Stock Company
UPCOM,HNI,Công ty Cổ phần May Hữu Nghị,Huu Nghi Garment Joint Stock Company
UPCOM,HNM,Công ty Cổ phần Sữa Hà Nội,Ha Noi Milk Joint Stock Company
UPCOM,HNP,Công ty Cổ phần Hanel Xốp Nhựa,Hanel Plastics Joint Stock Company
UPCOM,HNR,Công ty Cổ phần Rượu và Nước Giải Khát Hà Nội,Hanoi Liquor And Beverage Joint Stock Company
HNX,HOM,Công ty Cổ phần Xi măng VICEM Hoàng Mai,VICEM Hoang Mai Cement Joint Stock Company
UPCOM,HOT,Công ty Cổ phần Du lịch - Dịch vụ Hội An,Hoi An Tourist Service Joint Stock Company
UPCOM,HPB,Công ty Cổ phần Bao bì PP,PP Pack Making Joint Stock Company
UPCOM,HPD,Công ty Cổ phần Thủy điện Đăk Đoa,Dak Doa Hydropower Joint Stock Company
HOSE,HPG,CTCP TAP DOAN HOA PHAT,Hoa Phat Group Joint Stock Company
UPCOM,HPH,Công ty Cổ phần Hóa Chất Hưng Phát Hà Bắc,Ha Bac Hung Phat Chemical Joint Stock Company
UPCOM,HPI,Công ty Cổ phần Khu công nghiệp Hiệp Phước,Hiep Phuoc Industrial Park Joint Stock Company
UPCOM,HPM,Công ty Cổ phần Xây dựng Thương mại và Khoáng sản Hoàng Phúc,Hoang Phuc Mineral Trading and Contruction Joint Stock Company
UPCOM,HPP,Công ty Cổ phần Sơn Hải Phòng,Hai Phong Paint Joint Stock Company
UPCOM,HPT,Công ty Cổ phần Dịch vụ Công nghệ Tin học HPT,HPT Vietnam Corporation
UPCOM,HPW,Công ty Cổ phần Cấp nước Hải Phòng,Hai Phong Water Joint Stock Company
HOSE,HPX,CTCP DAU TU HAI PHAT,Hai Phat Investment Joint Stock Company
HOSE,HQC,CTCP TVTMDV DO HOANG QUAN,Hoang Quan Consulting Trading Service Real Estate Corporation
UPCOM,HRB,Công ty Cổ phần Harec Đầu tư và Thương Mại,Harec Investment and Trade Joint Stock Company
HOSE,HRC,CTCP CAO SU HOA BINH,Hoa Binh Rubber Joint Stock Company
UPCOM,HRT,Công ty Cổ phần Vận tải đường sắt Hà Nội,Hanoi Railway Transport Joint Stock Company
UPCOM,HSA,Công ty Cổ phần HESTIA,HESTIA Joint Stock Company
HOSE,HSG,CTY CP TAP DOAN HOA SEN,Hoa Sen Group
UPCOM,HSI,Công ty Cổ phần Vật tư Tổng hợp và Phân bón Hóa sinh,General Materials Biochemistry Fertilizer Joint Stock Company
HOSE,HSL,CTCP DT PT TP HONG HA,Hong Ha Food Investment Development Joint Stock Company
UPCOM,HSM,Tổng Công ty Cổ phần Dệt May Hà Nội,HaNoi Textile And Garment Joint Stock Corporation
UPCOM,HSP,Công ty Cổ phần Sơn Tổng hợp Hà Nội,Ha Noi Synthetic Paint Joint Stock Company
UPCOM,HSV,Công ty Cổ phần Tập đoàn HSV Việt Nam,HSV Viet Nam Group Joint Stock Company
HOSE,HT1,CTCP XM VICEM HA TIEN,VICEM Ha Tien Cement Joint Stock Company
HNX,HTC,Công ty Cổ phần Thương mại Hóc Môn,Hocmon Trade Joint Stock Company
UPCOM,HTE,Công ty Cổ phần Đầu tư Kinh doanh Điện lực Thành phố Hồ Chí Minh,Ho Chi Minh City Electric Power Trading Investment Corporation
HOSE,HTG,TONG CTCP DET MAY HOA THO,Hoa Tho Textile - Garment Joint Stock Corporation
HOSE,HTI,CTCP DTPT HA TANG IDICO,IDICO Infrastructure Development Investment Joint Stock Company
HOSE,HTL,CTCP KT & OTO TRUONG LONG,Truong Long Engineering and Auto Joint Stock Company
UPCOM,HTM,Tổng Công ty Thương mại Hà Nội – Công ty cổ phần,Hanoi Trade Joint Stock Corporation
HOSE,HTN,CTCP HUNG THINH INCONS,Hung Thinh Incons Joint Stock Company
UPCOM,HTT,Công ty Cổ phần Thương mại Hà Tây,Ha Tay Trading Joint Stock Company
HOSE,HTV,CTCP LOGISTICS VICEM,Logistics Vicem Joint Stock Company
HOSE,HU1,CTCP DT & XAY DUNG HUD1,HUD1 Investment And Construction Joint Stock Company
UPCOM,HU3,Công ty Cổ phần Đầu tư và Xây dựng HUD3,HUD3 Investment and Construction Joint Stock Company
UPCOM,HU4,Công ty Cổ phần Đầu tư và Xây dựng HUD4,HUD4 Investment and Construction Joint Stock Company
UPCOM,HU6,Công ty Cổ phần Đầu tư Phát triển Nhà và Đô thị HUD6,HUD6 City and Housing Development Investment Joint Stock Company
HOSE,HUB,CTCP XAY LAP TTHUE,Thua Thien Hue Construction Joint Stock Company
UPCOM,HUG,Tổng công ty May Hưng Yên - Công ty Cổ phần,Hung Yen Garment Corporation - Joint Stock Company
HNX,HUT,Công ty Cổ phần Tasco,Tasco Joint Stock Company
UPCOM,HVA,Công ty Cổ phần Đầu tư HVA,HVA Investment Joint Stock Company
UPCOM,HVG,Công ty Cổ phần Hùng Vương,Hung Vuong Corporation
HOSE,HVH,CTCP DT & CONG NGHE HVC,HVC Investment And Technology Joint Stock Company
HOSE,HVN,TCT HANG KHONG VN-CTCP,Vietnam Airlines Joint Stock Company
HNX,HVT,Công ty Cổ phần Hóa chất Việt Trì,Viet Tri Chemical Joint Stock Company
HOSE,HVX,CTCP XM VICEM HAI VAN,Vicem Hai Van Cement Joint Stock Company
UPCOM,HWS,Công ty Cổ phần Cấp nước Thừa Thiên Huế,Thua Thien Hue Water Supply Joint Stock Company
UPCOM,IBC,Công ty Cổ phần Đầu tư APAX Holdings,APAX Holdings Joint Stock Company
UPCOM,IBD,Công ty Cổ phần In Tổng hợp Bình Dương,Binh Duong General Printing Joint Stock Company
UPCOM,ICC,Công ty Cổ phần Xây dựng công nghiệp,Industrial Construction Joint Stock Company
UPCOM,ICF,Công ty Cổ phần Đầu tư-Thương mại-Thủy sản,Investment Commerce Fisheries Corporation
HNX,ICG,Công ty Cổ phần Xây dựng Sông Hồng,SONG HONG Construction Joint stock Company
UPCOM,ICI,Công ty Cổ phần Đầu tư và Xây dựng Công nghiệp,Industrial Construction and Investment Joint Stock Company
UPCOM,ICN,Công ty Cổ phần Đầu tư Xây dựng Dầu khí IDICO,IDICO Investment Construction Oil and Natural Gas Joint Stock Company
HOSE,ICT,CTCP VT - TH BUU DIEN,Joint Stock Company for Telecoms and Informatics
HNX,IDC,Tổng Công ty IDICO - CTCP,IDICO Corporation - JSC
HOSE,IDI,CTCP DT&PT DQG I.D.I,I.D.I International Development and Investment Corporation
HNX,IDJ,Công ty Cổ phần Đầu tư IDJ Việt Nam,IDJ Vietnam Investment Joint Stock Company
UPCOM,IDP,Công ty Cổ phần Sữa Quốc tế LOF,LOF International Dairy Products Joint Stock Company
HNX,IDV,Công ty Cổ phần Phát triển Hạ tầng Vĩnh Phúc,Vinh Phuc Infrastructure Development Joint Stock Company
UPCOM,IFS,Công ty Cổ phần Thực phẩm Quốc tế,Interfood Shareholding Company
UPCOM,IHK,Công ty Cổ phần In Hàng Không,Aviation Printing Joint Stock Company
HOSE,IJC,CTCP PT HA TANG KY THUAT,Becamex Infrastructure Development Joint Stock Company
UPCOM,ILA,Công ty Cổ phần ILA,ILA Joint Stock Company
HOSE,ILB,CTCP ICD TAN CANG - LB,ICD Tan Cang - Long Binh Joint Stock Company
UPCOM,ILC,Công ty Cổ phần Hợp tác lao động với nước ngoài,International Labour and Services Joint Stock Company
UPCOM,ILS,Công ty Cổ phần Đầu tư Thương mại và Dịch vụ Quốc tế,International Investment Trade and Service Joint Stock Company
UPCOM,IME,Công ty Cổ phần Cơ khí và Xây lắp Công nghiệp,Mechanical and Industrial Construction Joint Stock Company
HOSE,IMP,CTCP DUOC PHAM IMEXPHARM,Imexpharm Pharmaceutical Joint Stock Company
UPCOM,IN4,Công ty Cổ phần In số 4,No 4 Printing Joint Stock Company
HNX,INC,Công ty Cổ phần Tư vấn Đầu tư IDICO,IDICO Investment Consultancy Joint Stock Company
UPCOM,ING,Công ty Cổ phần Đầu Tư Và Phát Triển Xây Dựng,Investment & Construction Development Corporation
HNX,INN,Công ty Cổ phần Bao bì và In Nông nghiệp,Agriculture Printing And Packaging Joint Stock Company
HNX,IPA,Công ty Cổ phần Tập đoàn Đầu tư I.P.A,I.P.A Investments Group Joint Stock Company
UPCOM,IRC,Công ty Cổ phần Cao su Công nghiệp,Industrial Rubber Joint Stock Company
UPCOM,ISG,Công ty Cổ phần Vận tải biển và Hợp tác lao động Quốc Tế,International Shipping and Labour Cooperation Joint Stock Company
UPCOM,ISH,Công ty Cổ phần Thủy điện Srok Phu Miêng IDICO,IDICO Srok Phu Mieng Hydropower Joint Stock Company
UPCOM,IST,Công ty Cổ phần ICD Tân Cảng Sóng Thần,Tan Cang Song Than ICD Joint Stock Company
HOSE,ITA,CTCP DT&CN TAN TAO,Tan Tao Investment and Industry Corporation
HOSE,ITC,CTCP DT KINH DOANH NHA,Investment and Trading of Real Estate Joint stock Company
HOSE,ITD,CTCP CONG NGHE TIEN PHONG,Innovative Technology Development Corporation
HNX,ITQ,Công ty Cổ phần Tập đoàn Thiên Quang,Thien Quang Group Joint Stock Company
UPCOM,ITS,"Công ty Cổ phần Đầu tư, Thương mại và Dịch vụ - Vinacomin","Vinacomin - Investment, Trading and Service Joint Stock Company"
HNX,IVS,Công ty Cổ phần Chứng khoán Guotai Junan (Việt Nam),Guotai Junan Securities (Vietnam) Corp.
UPCOM,JOS,Công ty Cổ phần Chế biến Thủy sản Xuất khẩu Minh Hải,Minh Hai Export Frozen Seafood Processing Joint Stock Company
HOSE,JVC,CTCP TB Y TE VIET NHAT,Japan Vietnam Medical Investment and Development Joint Stock Company
UPCOM,KAC,Công ty Cổ phần Đầu tư Địa ốc Khang An,Khang An Investment Real Estate Joint Stock Company
HOSE,KBC,TCT PT DT KINH BAC-CTCP,Kinh Bac City Development Holding Corporation
UPCOM,KCB,Công ty Cổ phần Khoáng Sản và Luyện Kim Cao Bằng,Cao Bang Mineral and Metallurgical Joint Stock Company
UPCOM,KCE,Công ty Cổ phần Bê tông Ly tâm Điện lực Khánh Hòa,Khanh Hoa Power Centrifugal Concrete Joint Stock Company
HOSE,KDC,CTCP TAP DOAN KIDO,KIDO Group Corporation
HOSE,KDH,CTCP DT&KD NHA KHANG DIEN,Khang Dien House Trading and Investment Joint Stock Company
HNX,KDM,Công ty Cổ phần Tập đoàn GCL,GCL Group Joint Stock Company
UPCOM,KGM,Công ty Cổ phần Xuất nhập khẩu Kiên Giang,Kien Giang Import & Export Joint Stock Company
UPCOM,KHD,"Công ty Cổ phần Khai thác, Chế biến Khoáng sản Hải Dương",Hai Duong Mineral Eineal Processing Joint Stock Company
HOSE,KHG,CTCP TD KHAI HOAN LAND,Khai Hoan Land Group Joint Stock Company
UPCOM,KHL,Công ty Cổ phần Khoáng sản và Vật liệu Xây dựng Hưng Long,Hung Long Mineral And Building Material Joint Stock Company
HOSE,KHP,CTCP DIEN LUC KHANH HOA,Khanh Hoa Power Joint Stock Company
HNX,KHS,Công ty Cổ phần Kiên Hùng,Kien Hung Joint Stock Company
UPCOM,KHW,Công ty Cổ phần Cấp thoát nước Khánh Hòa,Khanh Hoa Water Supply And Sewerage Joint Stock Company
UPCOM,KIP,Công ty Cổ phần K.I.P Việt Nam,Vietnam K.I.P Joint Stock Company
HNX,KKC,Công ty Cổ phần Tập đoàn Thành Thái,Thanh Thai Group Joint Stock Company
UPCOM,KLB,Ngân hàng Thương mại Cổ phần Kiên Long,Kien Long Commercial Joint Stock Bank
UPCOM,KLF,Công ty Cổ phần Đầu tư Thương mại và Xuất nhập khẩu CFS,CFS Investment and Import Export Trading Joint Stock Company
HOSE,KMR,CTY CO PHAN MIRAE,MIRAE Joint Stock Company
HNX,KMT,Công ty Cổ phần Kim khí Miền Trung,Central Vietnam Metal Corporation
HOSE,KOS,CTCP KOSY,KOSY Joint Stock Company
HOSE,KPF,CTCP DT TAI SAN KOJI,KOJI Asset Investment Joint Stock Company
HOSE,KSB,CTCP KS & XD BINH DUONG,Binh Duong Mineral And Construction Joint Stock Company
HNX,KSD,Công ty Cổ phần Đầu tư DNA,DNA Investement Joint Stock Company
HNX,KSF,Công ty cổ phần Tập đoàn Sunshine,Sunshine Group Joint Stock Company
UPCOM,KSH,Công ty Cổ phần Damac GLS,Damac GLS Joint Stock Company
HNX,KSQ,Công ty Cổ phần CNC Capital Việt Nam,CNC Capital Viet Nam Joint Stock Company
HNX,KST,Công ty Cổ phần KASATI,Kasati Joint Stock Company
HNX,KSV,Tổng Công ty Khoáng sản TKV - Công ty Cổ phần,Vinacomin - Minerals Holding Corporation
UPCOM,KTC,Công ty Cổ phần Thương mại Kiên Giang,Kien Giang Trading Joint Stock Company
UPCOM,KTL,Công ty Cổ phần Kim khí Thăng Long,ThangLong Metal Wares Joint Stock Company
HNX,KTS,Công ty Cổ phần Đường Kon Tum,Kon Tum Sugar Joint Stock Company
HNX,KTT,Công ty Cổ phần Tập đoàn Đầu tư KTT,KTT Investment Group Joint Stock Company
UPCOM,KTW,Công ty Cổ phần Cấp nước Kon Tum,Kon Tum Water Supply Joint Stock Company
UPCOM,KVC,Công ty Cổ phần Sản xuất Xuất nhập khẩu Inox Kim Vĩ,Kim Vi Inox Import Export Production Joint Stock Company
HOSE,L10,CT CP LILAMA 10,Lilama 10 Joint Stock Company
UPCOM,L12,Công ty Cổ phần Licogi 12,Licogi 12 Joint Stock Company
HNX,L14,Công ty Cổ phần Licogi 14,Licogi 14 Joint Stock Company
HNX,L18,Công ty Cổ phần Đầu tư và Xây dựng số 18,Construction and Investment Joint Stock Company No18
UPCOM,L35,Công ty Cổ phần Cơ khí Lắp máy Lilama,Erection Mechanical Joint Stock Company
HNX,L40,Công ty Cổ phần Đầu tư và Xây dựng 40,40 Investment and Construction Joint Stock Company
UPCOM,L43,Công ty Cổ phần Lilama 45.3,Lilama 45.3 Joint Stock Company
UPCOM,L44,Công ty Cổ phần Lilama 45.4,LILAMA 45.4 Joint Stock Company
UPCOM,L45,Công ty Cổ phần Lilama 45.1,Lilama 45.1 Joint Stock Company
UPCOM,L61,Công ty Cổ phần Lilama 69-1,Lilama 69-1 Joint Stock Company
UPCOM,L62,Công ty Cổ phần Lilama 69 - 2,LILAMA 69 - 2 Joint Stock Company
UPCOM,L63,Công ty Cổ phần Lilama 69-3,Lilama 69-3 Joint Stock Company
HOSE,LAF,CTCP CB HANG XK LONG AN,Long An Food Processing Export Joint Stock Company
UPCOM,LAI,Công ty Cổ phần Đầu tư Xây dựng Long An IDICO,IDICO-Long An Investment Construction Joint Stock Company
HNX,LAS,Công ty Cổ phần Supe Phốt phát và Hóa chất Lâm Thao,Lam Thao Fertilizers & Chemicals Joint Stock Company
UPCOM,LAW,Công ty Cổ phần Cấp thoát nước Long An,Long An Water Supply Sewerage Joint Stock Company
UPCOM,LBC,Công ty Cổ phần Thương mại - Đầu tư Long Biên,Long Bien Joint Stock Company
HNX,LBE,Công ty Cổ phần Đầu tư và Thương mại LABECO,LABECO Investment And Trading Joint Stock Company
HOSE,LBM,CTCP VAT LIEU XD LAM DONG,Lam Dong Minerals And Building Materials Joint Stock Company
UPCOM,LCC,Công ty Cổ phần Xi măng Hồng Phong,Hong Phong Cement Joint Stock Company
HNX,LCD,Công ty Cổ phần Lắp máy - Thí nghiệm cơ điện,Erection - Electromechanics Testing Joint Stock Company
HOSE,LCG,CTCP LIZEN,Lizen Joint Stock Company
UPCOM,LCM,Công ty Cổ phần Khai thác và Chế biến Khoáng sản Lào Cai,Lao Cai Mining and Mineral Processing Joint Stock Company
UPCOM,LCS,Công ty Cổ phần Licogi 16.6,Licogi 16.6 Joint Stock Company
HOSE,LDG,CTCP DAU TU LDG,LDG Investment Joint stock Company
HNX,LDP,Công ty Cổ phần Dược Lâm Đồng - Ladophar,Lam Dong Pharmaceutical Joint Stock Company
UPCOM,LDW,Công ty Cổ phần Cấp thoát nước Lâm Đồng,Lam Dong Water Supply And Sewerage Joint Stock Company
HOSE,LEC,CTCP BDS DL MIEN TRUNG,Central Power Real Estate Joint Stock Company
UPCOM,LG9,Công ty Cổ phần Cơ giới và Xây lắp số 9,Mechanized Construction And Installation Joint Stock Company No9
HOSE,LGC,CTCP DAU TU CAU DUONG CII,CII Bridges and Roads Investment Joint Stock Company
HOSE,LGL,CTCP DTPT DT LONG GIANG,Long Giang Investment and Urban Development Joint-stock Company
UPCOM,LGM,Công ty Cổ phần Giày da và may mặc xuất khẩu (Legamex),Leather Footwear and Garment Making Export Corporation
HNX,LHC,Công ty Cổ phần Đầu tư và Xây dựng Thủy lợi Lâm Đồng,Lam Dong Investment Hydraulic Construction Joint Stock Company
HOSE,LHG,CTCP LONG HAU,Long Hau Corporation
UPCOM,LIC,Tổng Công ty LICOGI - Công ty Cổ phần,LICOGI Corporation - JSC
HNX,LIG,Công ty Cổ phần Licogi 13,Licogi 13 Joint Stock Company
HOSE,LIX,CTCP BOT GIAT LIX,Lix Detergent Joint Stock Company
UPCOM,LKW,Công ty Cổ phần Cấp nước Long Khánh,Long Khanh Water Supply Joint Stock Company
UPCOM,LLM,Tổng Công ty lắp máy Việt Nam - Công ty Cổ phần,Vietnam Machinery Installation Corporation - JSC
UPCOM,LM3,Công ty Cổ phần Lilama 3,Lilama 3 Joint Stock Company
UPCOM,LM7,Công ty Cổ phần Lilama 7,Lilama 7 Joint Stock Company
HOSE,LM8,CTCP LILAMA 18,Lilama 18 Joint Stock Company
UPCOM,LMC,Công ty Cổ phần Long Beach LMC,Long Beach LMC Joint Stock Company
UPCOM,LMH,Công ty Cổ phần Quốc Tế Holding,Quoc te Holding Joint Stock Company
UPCOM,LMI,Công ty Cổ phần Đầu tư Xây dựng Lắp máy IDICO,IDICO Machinery Erection Construction Investment Joint Stock Company
UPCOM,LNC,Công ty Cổ phần Lệ Ninh,Le Ninh Joint Stock Company
UPCOM,LO5,Công ty Cổ phần Lilama 5,Lilama 5 Joint Stock Company
HOSE,LPB,NHTMCP BUU DIEN LIEN VIET,Fortune Vietnam Joint Stock Commercial Bank
HNX,LPB121036,,
HNX,LPB122011,,
HNX,LPB122012,,
HNX,LPB122013,,
HNX,LPB123008,,
HNX,LPB123009,,
HNX,LPB123015,,
HNX,LPB123016,,
UPCOM,LPT,Công ty Cổ phần Thương mại và Sản xuất Lập Phương Thành,Lap Phuong Thanh Production And Trading Joint Stock Company
UPCOM,LQN,Công ty Cổ phần Licogi Quảng Ngãi,Licogi Quang Ngai Joint Stock Company
UPCOM,LSG,Công ty Cổ phần Bất động sản Sài Gòn Vi na,Sai Gon Vina Land Joint Stock Company
HOSE,LSS,CTCP MIA DUONG LAM SON,Lam Son Suger Joint Stock Corporation
UPCOM,LTC,Công ty Cổ phần Điện nhẹ Viễn Thông,Low Current Telecommunication Joint Stock Company
UPCOM,LTG,Công ty Cổ phần Tập đoàn Lộc Trời,Loc Troi Group Joint-Stock Company
UPCOM,LUT,Công ty Cổ phần Đầu tư Xây dựng Lương Tài,Luong Tai Investment Construction Joint Stock Company
UPCOM,M10,Tổng công ty May 10 - Công ty Cổ phần,Garment 10 Corporation - Joint Stock Company
UPCOM,MA1,Công ty Cổ phần Thiết bị,Machinery Joint Stock Company
HNX,MAC,Công ty Cổ phần Cung ứng và Dịch vụ Kỹ thuật Hàng Hải,Marine Supply And Engineering Service Joint Stock Company
HNX,MAS,Công ty cổ phần Dịch vụ Hàng Không Sân Bay Đà Nẵng,Danang Airport Services Joint Stock Company
HOSE,MBB,NGAN HANG TMCP QUAN DOI,Military Commercial Joint Stock Bank
HNX,MBG,Công ty Cổ phần Tập đoàn MBG,MBG Group Joint Stock Company
UPCOM,MBN,Công ty Cổ phần Môi trường và Công trình đô thị Bắc Ninh,Bac Ninh Urban Environment and Public Works Joint Stock Company
HNX,MBS,Công ty Cổ phần Chứng khoán MB,MB Securities Joint Stock Company
HNX,MCC,Công ty Cổ phần Gạch ngói cao cấp,High - Grade Brick - Tile Corporation
HNX,MCF,Công ty Cổ phần Xây lắp Cơ khí và Lương thực Thực phẩm,Mechanics Construction And Foodstuff Joint Stock Company
UPCOM,MCG,Công ty Cổ phần Năng lượng và Bất động sản MCG,MCG Energy and Real Estate Joint Stock Company
UPCOM,MCH,Công ty Cổ phần Hàng Tiêu Dùng MaSan,Masan Consumer Corporation
HOSE,MCM,CTCP GIONG BO SUA MOC CHA,Moc Chau Dairy Cattle Breeding Joint Stock Company
HNX,MCO,Công ty Cổ phần Đầu tư và Xây dựng BDC Việt Nam,Investment and Construction BDC Viet Nam Joint Stock Company
HOSE,MCP,CTCP IN & BAO BI MY CHAU,My Chau Printing And Packaging Corporation
UPCOM,MDA,Công ty Cổ phần Môi trường Đô thị Đông Anh,Dong Anh Urban Environment Joint Stock Company
HNX,MDC,Công ty Cổ phần Than Mông Dương - Vinacomin,Vinacomin - Mong Duong Coal Joint Stock Company
UPCOM,MDF,Công ty Cổ phần Gỗ MDF VRG - Quảng Trị,MDF VRG - Quang Tri Wood Joint Stock Company
HOSE,MDG,CTCP MIEN DONG,Mien Dong Joint Stock Company
UPCOM,MEC,Công ty Cổ phần Cơ khí - Lắp máy Sông Đà,Song Da Mechanical Assembiling Joint Stock Company
HNX,MED,Công ty Cổ phần Dược Trung ương Mediplantex,Mediplantex National Phamaceutical Joint Stock Company
UPCOM,MEF,Công ty Cổ phần MEINFA,MEINFA Joint Stock Company
HNX,MEL,Công ty Cổ phần Thép Mê Lin,Me Lin Steel Joint Stock Company
UPCOM,MES,Công ty Cổ phần Cơ điện Công trình,Mechanical Engineering Service Joint Stock Company
UPCOM,MFS,Công ty Cổ phần Dịch vụ kỹ thuật Mobifone,Mobifone Technical Services Joint Stock Company
UPCOM,MGC,Công ty Cổ phần Địa chất mỏ - TKV,Vinacomin - Mining Geology Joint Stock Comapny
UPCOM,MGG,Tổng Công ty Đức Giang - Công ty Cổ phần,Duc Giang Corporation
UPCOM,MGR,Công ty cổ phần Tập đoàn MGROUP,MGROUP Group Corporation
UPCOM,MH3,Công ty Cổ phần Khu công nghiệp Cao su Bình Long,Binh Long Rubber Industrial Park Corporation
HOSE,MHC,CTCP MHC,MHC Joint Stock Company
HNX,MHL,Công ty Cổ phần Minh Hữu Liên,Minh Huu Lien Joint Stock Company
UPCOM,MIC,Công ty Cổ phần Kỹ nghệ Khoáng sản Quảng Nam,Quang Nam Mineral Industry Joint Stock Company
UPCOM,MIE,Tổng Công ty Máy và Thiết bị Công nghiệp - CTCP,Machines and Industrial Equipment Corporation
HOSE,MIG,TCT CP BAO HIEM QUAN DOI,Military Insurance Corporation
UPCOM,MIM,Công ty Cổ phần Khoáng sản và Cơ khí,Mineral and Mechanical Joint Stock Company
UPCOM,MKP,Công ty Cổ phần Hóa - Dược phẩm Mekophar,Mekophar Chemical Pharmaceutical Joint Stock Company
HNX,MKV,Công ty Cổ phần Dược Thú Y Cai Lậy,Cai Lay Veterinary Pharmaceutical Joint Stock Company
UPCOM,MLC,Công ty Cổ phần Môi trường Đô thị Tỉnh Lào Cai,Lao Cai Urban Environment Joint Stock Company
UPCOM,MLS,Công ty Cổ phần Chăn nuôi - Mitraco,Mitraco Livestock Joint Stock Company
UPCOM,MML,Công ty Cổ phần Masan MEATLife,Masan MEATLife Corporation
HNX,MML121021,,
UPCOM,MNB,Tổng Công ty May Nhà Bè - Công ty Cổ phần,Nha Be Garment Corporation - Joint Stock Company
UPCOM,MND,Công ty Cổ phần Môi trường Nam Định,Nam Dinh Environment Joint Stock Company
UPCOM,MPC,Công ty Cổ phần Tập đoàn Thủy sản Minh Phú,Minh Phu Seafood Joint Stock Company
UPCOM,MPT,Công ty Cổ phần Tập đoàn MPT,MPT Group Joint Stock Company
UPCOM,MPY,Công ty Cổ phần Môi trường đô thị Phú Yên,Phu Yen Town Environment Joint Stock Company
UPCOM,MQB,Công ty Cổ phần Môi trường và Phát triển đô thị Quảng Bình,Quang Binh Environment and Urban Development Joint Stock Company
UPCOM,MQN,Công ty Cổ phần Môi trường đô thị Quảng Ngãi,Quang Ngai Urban Environment Joint Stock Company
UPCOM,MRF,Công ty Cổ phần MERUFA,MERUFA Joint Stock Company
HOSE,MSB,NH TMCP HANG HAI VIET NAM,Vietnam Maritime Commercial Joint Stock Bank
HOSE,MSH,CTCP MAY SONG HONG,Song Hong Garment Joint Stock Company
HOSE,MSN,CTCP TAP DOAN MA SAN,Masan Group Corporation
HNX,MSN123008,,
HNX,MSN123009,,
HNX,MSN123010,,
HNX,MSN123014,,
UPCOM,MSR,Công ty Cổ phần Masan High-Tech Materials,Masan High-Tech Materials Corporation
HNX,MST,Công ty Cổ phần Đầu tư MST,MST Investment Joint Stock Company
UPCOM,MTA,Tổng Công ty Khoáng sản và Thương mại Hà Tĩnh - Công ty Cổ phần,Ha Tinh Minerals & Trading Joint Stock Corporation
UPCOM,MTB,Công ty Cổ phần Môi trường và Công trình đô thị tỉnh Thái Bình,Thai Binh Environment And Urban Projects Joint Stock Company
UPCOM,MTC,Công ty Cổ phần Dịch vụ Du lịch Mỹ Trà,My Tra Tourist Joint Stock Company
UPCOM,MTG,Công ty Cổ phần MT Gas,MT Gas Joint Stock Company
UPCOM,MTH,Công ty Cổ phần Môi trường Đô thị Hà Đông,Ha Dong Environment Public Service Joint Stock Company
UPCOM,MTL,Công ty Cổ phần Dịch vụ Môi trường Đô thị Từ Liêm,Tu Liem Urban Environment Service Joint Stock Company
UPCOM,MTP,Công ty Cổ phần Dược Medipharco,Medipharco Pharmaceutical Joint Stock Company
UPCOM,MTS,Công ty Cổ phần Vật tư - TKV,Vinacomin - Materials Trading Joint Stock Company
UPCOM,MTV,Công ty Cổ phần Dịch vụ Môi trường và Công trình Đô thị Vũng Tàu,Vung Tau Environment Services and Urban Project Joint Stock Company 
HNX,MVB,Tổng Công ty Công nghiệp mỏ Việt Bắc TKV - Công ty Cổ phần,Vinacomin - Viet Bac Mining Industry Holding Corporation
UPCOM,MVC,Công ty Cổ phần Vật liệu và Xây dựng Bình Dương,Binh Duong Building Materials and Construction Company
UPCOM,MVN,Tổng Công ty Hàng hải Việt Nam - CTCP,Vietnam Maritime Corporation
HOSE,MWG,CTCP DT THE GIOI DI DONG,Mobile World Investment Corporation
HOSE,NAB,NH TMCP NAM A,Nam A Commercial Joint Stock Bank
UPCOM,NAC,Công ty Cổ phần Tư vấn Xây dựng Tổng hợp,National of General Construction Consultants Joint Stock Company
HOSE,NAF,CTCP NAFOODS GROUP,Nafoods Group Joint Stock Company
HNX,NAG,Công ty Cổ phần Tập đoàn Nagakawa,Nagakawa Group Joint Stock Company
HNX,NAP,Công ty Cổ phần Cảng Nghệ Tĩnh,Nghe Tinh Port Holding Joint Stock Company
UPCOM,NAS,Công ty Cổ phần Dịch vụ Hàng không Sân bay Nội Bài,Noibai Airport Services Joint Stock Company
UPCOM,NAU,Công ty Cổ phần Môi trường và Công trình Đô thị Nghệ An,Nghe An Urban Environment and Works Joint Stock Company
HOSE,NAV,CTCP NAM VIET (NAVIFICO),Nam Viet Joint Stock Company
UPCOM,NAW,Công ty Cổ phần Cấp nước Nghệ An,Nghe An Water Supply Joint Stock Company
HOSE,NBB,CTCP DAU TU NAM BAY BAY,577 Investment Corporation
HNX,NBC,Công ty Cổ phần Than Núi Béo - Vinacomin,Vinacomin NuiBeo Coal Joint Stock Company
UPCOM,NBE,Công ty Cổ phần Sách và Thiết bị Giáo dục Miền Bắc,North Books and Educational Equipment Joint Stock Company
HNX,NBP,Công ty Cổ phần Nhiệt Điện Ninh Bình,Ninh Binh Thermal Power Joint-Stock Company
UPCOM,NBT,Công ty Cổ phần Cấp thoát nước Bến Tre,Ben Tre Water Supply and Sewerage Joint Stock Company
HNX,NBW,Công ty Cổ phần Cấp nước Nhà Bè,Nha Be Water Supply Joint Stock Company
UPCOM,NCG,Công ty Cổ phần Tập đoàn Nova Consumer,Nova Consumer Group Joint Stock Company
UPCOM,NCS,Công ty Cổ phần Suất ăn Hàng không Nội Bài,Noibai Catering Services Joint Stock Company
HOSE,NCT,CTCP DV HANG HOA NOI BAI,Noibai Cargo Terminal Services Joint Stock Company
UPCOM,ND2,Công ty Cổ phần Đầu tư và Phát triển điện Miền Bắc 2,Northern Electricity Development and Investment Joint Stock Company No. 2
UPCOM,NDC,Công ty Cổ phần Nam Dược,Nam Duoc Joint Stock Company
UPCOM,NDF,Công ty Cổ phần Chế biến thực phẩm nông sản xuất khẩu Nam Định,Nam Dinh Export Foodstuff and Agricultutal Products Processing Joint Stock Company
HNX,NDN,Công ty Cổ phần Đầu tư Phát triển Nhà Đà Nẵng,Danang Housing Investment Development Joint Stock Company
UPCOM,NDP,Công ty Cổ phần Dược phẩm 2/9,National Day Pharmaceutical Joint Stock Company
UPCOM,NDT,Tổng Công ty Cổ phần Dệt may Nam Định,Nam Dinh Textile Garment Joint Stock Corporation
UPCOM,NDW,Công ty Cổ phần Cấp nước Nam Định,Nam Dinh Water Supply Joint Stock Company
HNX,NDX,Công ty Cổ phần Xây lắp Phát triển Nhà Đà Nẵng,Danang Housing Development Joint Stock Company
UPCOM,NED,Công ty Cổ phần Đầu tư và Phát triển Điện Tây Bắc,North - West Electric Investment and Development Joint Stock Company
UPCOM,NEM,Công ty Cổ phần Thiết bị Điện Miền Bắc,Northern Electric Equipment Joint Stock Company
HNX,NET,Công ty Cổ phần Bột giặt Net,Net Detergent Joint Stock Company
HNX,NFC,Công ty Cổ phần Phân lân Ninh Bình,Ninh Binh Phosphate Fertilizer Joint Stock Company
UPCOM,NGC,Công ty Cổ phần Chế biến Thủy sản Xuất khẩu Ngô Quyền,Ngo Quyen Processing Export Joint Stock Company
HOSE,NHA,TCT DTPT N&DT NAM HA NOI,Ha Noi South Housing and Urban Development Corporation
HNX,NHC,Công ty Cổ phần Gạch ngói Nhị Hiệp,Nhi Hiep Brick-Tile Joint Stock Company
HOSE,NHH,CTCP NHUA HA NOI,HaNoi Plastics Joint Stock Company
UPCOM,NHP,Công ty Cổ phần Sản xuất Xuất nhập khẩu NHP,NHP Production Import - Export Joint Stock Company
HOSE,NHT,CTCP SX & TM NAM HOA,Nam Hoa Trading & Production Corporation
UPCOM,NHV,Công ty Cổ phần Sức khỏe Hồi sinh Việt Nam,Nirvana Health Vietnam Joint Stock Company 
UPCOM,NJC,Công ty Cổ phần May Nam Định,Nam Dinh Garment Joint Stock Company
HOSE,NKG,CTY CP THEP NAM KIM,Nam Kim Steel Joint Stock Company
HOSE,NLG,CTCP DAU TU NAM LONG,Nam Long Investment Corporation
UPCOM,NLS,Công ty Cổ phần Cấp thoát nước Lạng Sơn,Lang Son Water Supply and Drainage Joint Stock Company
HOSE,NNC,CTCP DA NUI NHO,Nui Nho Stone Joint Stock Company
UPCOM,NNT,Công ty Cổ phần Cấp nước Ninh Thuận,Ninh Thuan Water Supply Joint Stock Company
HOSE,NO1,CTCP TAP DOAN 911,911 Group Joint Stock Company
UPCOM,NOS,Công ty Cổ phần Vận tải Biển và Thương mại Phương Đông,Oriental Shipping and Trading Joint Stock Company
HNX,NPM123021,,
HNX,NPM123022,,
HNX,NPM123023,,
HNX,NPM123024,,
UPCOM,NQB,Công ty Cổ phần Cấp nước Quảng Bình,Quang Binh Water Supply Joint Stock Company
UPCOM,NQN,Công ty Cổ phần Nước sạch Quảng Ninh,Quang Ninh Clean Water Joint Stock Company
UPCOM,NQT,Công ty Cổ phần Nước sạch Quảng Trị,Quang Tri Clean Water Joint Stock Company
HNX,NRC,Công ty Cổ phần Tập đoàn Danh Khôi,Danh Khoi Group Joint Stock Company
UPCOM,NS2,Công ty Cổ phần Nước sạch số 2 Hà Nội,Hanoi Water Supply Number 2 Joint Stock Company
HOSE,NSC,CTCP TD GIONG CT VN,Vietnam National Seed Group Joint Stock Company
UPCOM,NSG,Công ty Cổ phần Nhựa Sài Gòn,Sai Gon Plastic Joint Stock Company
HNX,NSH,Công ty Cổ phần Tập đoàn Nhôm Sông Hồng Shalumi,Song Hong Aluminum Shalumi Group Joint Stock Company
UPCOM,NSL,Công ty Cổ phần Cấp nước Sơn La,SonLa Water Supply Joint Stock Company
UPCOM,NSS,Công ty Cổ phần Nông súc sản Đồng Nai,Dong Nai Agricultural Livestock Product Joint Stock Company
HNX,NST,Công ty Cổ phần Ngân Sơn,Ngan Son Joint Stock Company
HOSE,NT2,CTCP DLDK NHON TRACH 2,PetroVietnam Power Nhon Trach 2 Joint Stock Company
UPCOM,NTB,Công ty Cổ phần Đầu tư Xây dựng và Khai thác Công trình giao thông 584,Transport Engineering Construction And Business Investment Joint Stock Company 584
UPCOM,NTC,Công ty Cổ phần Khu Công nghiệp Nam Tân Uyên,Nam Tan Uyen Joint Stock Corporation
UPCOM,NTF,Công ty Cổ phần Dược - Vật tư y tế Nghệ An,Nghe An Pharmaceutical Medical Material and Equipment Joint Stock Company
HNX,NTH,Công ty Cổ phần Thủy điện Nước Trong,Nuoc trong Thermal Power Joint Stock Company
HOSE,NTL,CTCP PT DO THI TU LIEM,Tu Liem Urban Development Joint Stock Company
HNX,NTP,Công ty Cổ phần Nhựa Thiếu niên Tiền Phong,Tien Phong Plastics Joint Stock Company
UPCOM,NTT,Công ty Cổ phần Dệt - May Nha Trang,Nha Trang Textile & Garment Joint Stock Company
UPCOM,NTW,Công ty Cổ phần Cấp nước Nhơn Trạch,Nhon Trach Water Supply Joint Stock Company
UPCOM,NUE,Công ty Cổ phần Môi trường Đô thị Nha Trang,Nha Trang Urban Environmental Joint Stock Company
HNX,NVB,Ngân hàng Thương mại Cổ phần Quốc Dân,National Citizen Commercial Joint Stock Bank
HOSE,NVL,CTCP TD DT DIA OC NO VA,No Va Land Investment Group Corporation
HNX,NVL122001,,
UPCOM,NVP,Công ty Cổ phần Nước sạch Vĩnh Phúc,Vinh Phuc Water Supply Joint Stock Company
HOSE,NVT,CTCP BDS DL NINH VAN BAY,Ninh Van Bay Travel Real Estate Joint Stock Company
UPCOM,NWT,Công ty Cổ phần Vận tải Newway,Newway Transport Joint Stock Company
UPCOM,NXT,Công ty Cổ phần Sản xuất và Cung ứng vật liệu xây dựng Kon Tum,Kon Tum Construction Materials Supply And Production Joint Stock Company
HOSE,OCB,NH TMCP PHUONG DONG,Orient Commercial Joint Stock Bank
HNX,OCH,Công ty Cổ phần One Capital Hospitality,One Capital Hospitality Joint Stock Company
UPCOM,ODE,Công ty cổ phần Tập đoàn Truyền thông và Giải trí ODE,ODE Media and Entertainment Group Joint Stock Company
HOSE,OGC,CTCP TAP DOAN DAI DUONG,Ocean Group Joint Stock Company
UPCOM,OIL,Tổng Công ty Dầu Việt Nam - Công ty Cổ phần,PetroVietnam Oil Corporation
HNX,ONE,Công ty Cổ phần Công nghệ ONE,One Technologies Corporation
UPCOM,ONW,Công ty Cổ phần Dịch vụ Một Thế giới,One World Services Joint Stock Company
HOSE,OPC,CTY CP DUOC PHAM OPC,OPC Pharmaceutial Joint Stock Company
HOSE,ORS,CTCP CK TIEN PHONG,Tien Phong Securities Corporation
HOSE,PAC,CTCP PIN AC QUY MIEN NAM,Dry Cell and Storage Battery JointStock Company
UPCOM,PAI,"Công ty Cổ phần Công nghê thông tin, Viễn thông và Tự động hóa Dầu khí",Petroleum Information Technology Telecom and Automation Joint Stock Company
HOSE,PAN,CTCP TAP DOAN PAN,The PAN Group Joint Stock Company
UPCOM,PAP,Công ty Cổ phần Dầu khí đầu tư khai thác Cảng Phước An,Petro Vietnam Phuoc An Port Investment & Operation Join Stock Company
UPCOM,PAS,Công ty Cổ phần Quốc tế Phương Anh,Phuong Anh International Joint Stock Company
UPCOM,PAT,Công ty Cổ phần Phốt pho Apatit Việt Nam,Vietnam Apatite - Phosphorus Joint Stock Company
UPCOM,PBC,Công ty Cổ phần Dược Phẩm Trung ương 1 - Pharbaco,Pharbaco Central Pharmaceutical Joint Stock Company No. 1
HNX,PBP,Công ty Cổ phần Bao bì Dầu khí Việt Nam,PetroVietnam Packaging Joint Stock Company
UPCOM,PBT,Công ty Cổ Phần Bao bì và Thương mại Dầu khí Bình Sơn,Binh Son Petroleum Packaging And Trading Joint Stock Company
HOSE,PC1,CTCP TAP DOAN PC1,PC1 Group Joint Stock Company
UPCOM,PCC,Công ty Cổ phần Tập đoàn Xây lắp 1 - Petrolimex,Petrolimex Construction 1 Joint Stock Company Group
HNX,PCE,Công ty Cổ phần Phân bón và hóa chất dầu khí Miền Trung,Central Petrovietnam Fertilizer and Chemicals Joint Stock Company
UPCOM,PCF,Công ty Cổ phần Cà phê PETEC,PETEC Coffee Joint Stock Company
HNX,PCG,Công ty Cổ phần Đầu tư Phát triển Gas Đô thị,PetroVietnam Gas City Investment and Deverlopment Joint Stock Company
HNX,PCH,Công ty Cổ phần Nhựa Picomat,Picomat Plastic Joint Stock Company
UPCOM,PCM,Công ty Cổ phần Vật liệu Xây dựng Bưu điện,Post and Telecommunications Construction Material Joint Stock Company
UPCOM,PCN,Công ty Cổ phần Hóa phẩm dầu khí DMC - Miền Bắc,DMC - Northern Petroleum Chemicals Joint Stock Company
HNX,PCT,Công ty Cổ phần Vận tải Biển Global Pacific,Global Pacific Shipping Joint Stock Company
HNX,PDB,Công ty Cổ phần Tập đoàn Đầu tư DIN Capital,DIN Capital Investment Group Joint Stock Company
UPCOM,PDC,Công ty Cổ phần Du lịch Dầu khí Phương Đông,Phuong Dong Petroleum Tourism Joint Stock Company
HOSE,PDN,CTCP CANG DONG NAI,Dong Nai Port Joint Stock Company
HOSE,PDR,CTCP PT BDS PHAT DAT,Phat Dat Real Estate Development Corporation
UPCOM,PDV,Công ty Cổ phần Vận tải và Tiếp vận Phương Đông Việt,Phuong Dong Viet Shipping and Logistics Corporation
UPCOM,PEC,Công ty Cổ phần Cơ khí Điện lực,Power Engineering Joint Stock Company
UPCOM,PEG,Tổng Công ty Thương mại Kỹ thuật và Đầu tư - Công ty Cổ phần,PETEC Trading and Investment Corporation
HNX,PEN,Công ty Cổ phần Xây lắp III Petrolimex,Petrolimex Installation No.3 joint stock company
UPCOM,PEQ,Công ty Cổ phần Thiết bị xăng dầu Petrolimex,Petrolimex Equipment Joint Stock Company
HOSE,PET,TONG CTCP DV TONG HOP DK,Petrovietnam General Services Corporation
UPCOM,PFL,Công ty Cổ phần Dầu khí Đông Đô,Petroleum Dong Do Joint Stock Company
UPCOM,PGB,Ngân hàng Thương mại Cổ phần Thịnh vượng và Phát triển,Prosperity and Growth Commercial Joint Stock Bank
HOSE,PGC,TCT GAS PETROLIMEX-CTCP,Petrolimex Gas Corporation - Joint Stock Company
HOSE,PGD,CTCP PP KTA DAU KHI VN,Petro Viet Nam Low Pressure Gas Distribution Joint Stock Company
HOSE,PGI,TCTCP BAO HIEM PETROLIMEX,Petrolimex Insurance Corporation
HNX,PGN,Công ty Cổ phần Phụ Gia Nhựa,Plastic Additives Joint Stock Company
HNX,PGS,Công ty Cổ phần Kinh doanh Khí Miền Nam,Southern Gas Trading Joint Stock Company
HNX,PGT,Công ty Cổ phần PGT Holdings,PGT Holdings Joint Stock Company
HOSE,PGV,TCT PHAT DIEN 3-CTCP,Power Generation Joint Stock Corporation 3
HOSE,PHC,CTCP XD PHUC HUNG HOLDING,Phuc Hung Holdings Construction Joint Stock Company
UPCOM,PHH,Công ty Cổ phần Hồng Hà Việt Nam,Hong Ha Vietnam Joint Stock Company
HNX,PHN,Công ty Cổ phần Pin Hà Nội,Hanoi Battery Joint Stock Company
UPCOM,PHP,Công ty Cổ phần Cảng Hải Phòng,Port of Hai Phong Joint Stock Company
HOSE,PHR,CTCP CAO SU PHUOC HOA,Phuoc Hoa Rubber Joint Stock Company
UPCOM,PHS,Công ty Cổ phần Chứng khoán Phú Hưng,Phu Hung Securities Corporation
HNX,PIA,Công ty Cổ phần Tin học Viễn thông Petrolimex,Petrolimex Information Technology and Telecommunication Joint Stock Company
HNX,PIC,Công ty Cổ phần Đầu tư Điện lực 3,PC3-Investment Joint Stock Company
UPCOM,PID,Công ty Cổ phần Trang trí nội thất Dầu khí,Petroleum Interior Decoration Joint Stock Company
UPCOM,PIS,Tổng Công ty Pisico Bình Định - Công ty Cổ phần,PISICO Binh Dinh Corporation Joint Stock Company
HOSE,PIT,CTCP XNK PETROLIMEX,Petrolimex International Trading Joint Stock Company
UPCOM,PIV,Công ty Cổ phần PIV,PIV Joint Stock Company
HNX,PJC,Công ty Cổ phần Thương mại và Vận tải Petrolimex Hà Nội,Petrolimex Ha Noi Transportation and Trading Joint-Stock Company
UPCOM,PJS,Công ty Cổ phần Cấp nước Phú Hòa Tân,Phu Hoa Tan Water Supply Joint Stock Company
HOSE,PJT,CTCP VTXD DT PETROLIMEX,Petrolimex Joint Stock Tanker Company
UPCOM,PLA,Công ty Cổ phần Đầu tư và Dịch vụ hạ tầng Xăng dầu,Petroleum Logistic Service and Investment Joint Stock Company
HNX,PLC,Tổng Công ty Hóa dầu Petrolimex - Công ty Cổ phần,Petrolimex Petrochemical Corporation
UPCOM,PLE,Công ty Cổ phần Tư vấn Xây dựng Petrolimex,Petrolimex Engineering Joint Stock Company
UPCOM,PLO,Công ty Cổ phần Kho vận Petec,Petec Logistics Joint Stock Company
HOSE,PLP,CTCP SX & CN NHUA PHA LE,Pha Le Plastics Manufacturing and Technology Joint Stock Company
HOSE,PLX,TAP DOAN XANG DAU VN,Vietnam National Petroleum Group
HNX,PMB,Công ty Cổ phần Phân bón và Hóa chất Dầu khí Miền Bắc,North PetroVietnam Fertilizer and Chemicals Joint Stock Company
HNX,PMC,Công ty Cổ phần Dược phẩm Dược liệu Pharmedic,Pharmedic Pharmaceutical Medicinal Joint Stock Company
HOSE,PMG,CTCP DTSX PETRO MIENTRUNG,Petro Center Corporation
UPCOM,PMJ,Công ty cổ phần Vật tư Bưu điện,Posts and Telecommunications Material Supply Joint Stock Company
HNX,PMP,Công ty Cổ phần Bao bì Đạm Phú Mỹ,Dam Phu My Packing Joint Stock Company
HNX,PMS,Công ty Cổ phần Cơ khí Xăng dầu,Petroleum Mechanical Joint Stock Company
UPCOM,PMT,Công ty Cổ phần Viễn thông Telvina Việt Nam,Telvina Vietnam Communication Joint Stock Company
UPCOM,PMW,Công ty Cổ phần Cấp Nước Phú Mỹ,Phu My Water Supply Joint-Stock Company
HOSE,PNC,CTCP VAN HOA PHUONG NAM,Phuong Nam Cultural Joint Stock Company
UPCOM,PND,Công ty Cổ phần Xăng dầu Dầu khí Nam Định,PetroVietnam Oil Nam Dinh Joint Stock Company
UPCOM,PNG,Công ty Cổ phần Thương Mại Phú Nhuận,Phu Nhuan Trading Joint Stock Company
HOSE,PNJ,CTCP VB DQ PHU NHUAN,Phu Nhuan Jewelry Joint Stock Company
UPCOM,PNP,Công ty Cổ phần Tân Cảng – Phú Hữu,Huu Phu - Newport Corporation
UPCOM,PNT,Công ty Cổ phần Kỹ thuật Xây dựng Phú Nhuận,Phu Nhuan Technical Construction Joint Stock Company
UPCOM,POB,Công ty Cổ phần Xăng dầu Dầu khí Thái Bình,Thai Binh Petrovietnam Oil Joint Stock Company
UPCOM,POM,Công ty Cổ phần Thép Pomina,Pomina Steel Corporation
UPCOM,POS,"Công ty Cổ phần Dịch vụ lắp đặt, vận hành và bảo dưỡng công trình dầu khí biển PTSC",PTSC Offshore Services Joint Stock Company
HNX,POT,Công ty Cổ phần Thiết bị Bưu điện,Post and Telecommunication Equipment Joint Stock Company
UPCOM,POV,Công ty Cổ phần Xăng dầu Dầu khí Vũng Áng,Vung Ang Petroleum Joint Stock Company
HOSE,POW,TCT DIEN LUC DAU KHI VN,PetroVietnam Power Corporation
HOSE,PPC,CTCP NHIET DIEN PHA LAI,Pha Lai Thermal Power Joint Stock Company
HNX,PPE,Công ty Cổ phần Tư vấn Đầu tư PP Enterprise,PP Enterprise Investment Consultancy Joint Stock Company
UPCOM,PPH,Tổng Công ty Cổ phần Phong Phú,Phong Phu Corporation
UPCOM,PPI,Công ty Cổ phần Đầu tư và Phát triển dự án hạ tầng Thái Bình Dương,Pacific Infrastructure Project Development And Investment Corporation
HNX,PPP,Công ty Cổ phần Dược phẩm Phong Phú,Phong Phu Pharmaceutical Joint Stock Company
HNX,PPS,Công ty Cổ phần Dịch vụ Kỹ thuật Điện lực Dầu khí Việt Nam,PetroVietnam Power Services Joint Stock Company
HNX,PPT,Công ty cổ phần Petro Times,Petro Times Joint Stock Company
HNX,PPY,Công ty Cổ phần Xăng dầu dầu khí Phú Yên,Petrovietnam Oil Phu Yen Joint Stock Company
UPCOM,PQN,Công ty Cổ phần Dịch vụ Dầu khí Quảng Ngãi PTSC,PTSC Quang Ngai Joint Stock Company
HNX,PRC,Công ty Cổ phần Logistics Portserco,Portserco Logistics Joint Stock Company
HNX,PRE,Tổng Công ty Cổ phần Tái bảo hiểm Hà Nội,Hanoi Reinsurance Joint Stock Corporation
UPCOM,PRO,Công ty Cổ phần Procimex Việt Nam,Viet Nam  Procimex Joint Stock Company
UPCOM,PRT,Tổng Công ty Sản xuất - Xuất nhập khẩu Bình Dương - Công ty cổ phần,Binh Duong Producing and Trading Corporation
UPCOM,PSB,Công ty Cổ phần Đầu tư Dầu khí Sao Mai Bến Đình,Sao Mai - Ben Dinh Petroleum Investment Joint Stock Company
HNX,PSC,Công ty Cổ phần Vận tải và Dịch vụ Petrolimex Sài Gòn,Petrolimex Saigon Transportation And Service Joint Stock Company
HNX,PSD,Công ty Cổ phần Dịch vụ Phân phối Tổng hợp Dầu khí,Petroleum General Distribution Services Joint Stock Company
HNX,PSE,Công ty Cổ phần Phân bón và hóa chất dầu khí Đông Nam Bộ,South-East PetroVietnam Fertilizer and Chemicals Joint Stock Company
UPCOM,PSG,Công ty Cổ phần Đầu tư và Xây lắp Dầu khí Sài Gòn,Saigon Petroleum Construction and Investment Joint Stock Company
HOSE,PSH,CTCP TMDT DK NAM SONG HAU,Nam Song Hau Trading Investing Petroleum Joint Stock Company
HNX,PSI,Công ty Cổ phần Chứng khoán Dầu khí,Petrovietnam Securities Incorporated
UPCOM,PSL,Công ty Cổ phần Chăn nuôi Phú Sơn,Phu Son LiveStock Joint Stock Company
UPCOM,PSN,Công ty Cổ phần Dịch vụ Kỹ thuật PTSC Thanh Hóa,PTSC Thanh Hoa Technical Services Company
UPCOM,PSP,Công ty Cổ phần Cảng Dịch vụ Dầu khí Đình Vũ,Dinh Vu Petroleum Service Port Joint Stock Company
HNX,PSW,Công ty Cổ phần Phân bón và hóa chất dầu khí Tây Nam Bộ,South West PetroVietNam Fertilizer and Chemicals Joint Stock Company
HOSE,PTB,CTCP PHU TAI,Phu Tai Joint Stock Company
HOSE,PTC,CTCP DAU TU ICAPITAL,ICAPITAL Investment Joint Stock Company
HNX,PTD,Công ty Cổ phần Thiết kế - Xây dựng - Thương mại Phúc Thịnh,Phuc Thinh Design Construction Trading Corporation
UPCOM,PTE,Công ty Cổ phần Xi măng Phú Thọ,Phu Tho Cement Joint Stock Company
UPCOM,PTG,Công ty Cổ phần May Xuất Khẩu Phan Thiết,Phan Thiet Garment Import Export Joint Stock Company
UPCOM,PTH,Công ty Cổ phần Vận tải và Dịch vụ Petrolimex Hà Tây,Ha Tay Petrolimex Transportation and Service JSC
HNX,PTI,Tổng Công ty Cổ phần Bảo hiểm Bưu điện,Post & Telecommunication Joint Stock Insurance Corporation
HOSE,PTL,CTCP VICTORY CAPITAL,Victory Capital Joint Stock Company
UPCOM,PTO,Công ty Cổ phần Dịch vụ - Xây dựng Công trình Bưu điện,Post and Telecommunication Services Construction Work Joint Stock Company
UPCOM,PTP,Công ty Cổ phần Dịch vụ Viễn Thông và In Bưu điện,Post Printing And Telecommunication Services Joint Stock Company
HNX,PTS,Công ty Cổ phần Vận tải và Dịch vụ Petrolimex Hải Phòng,Hai Phong Petrolimex Transportation and Services Joint Stock Company
UPCOM,PTT,Công ty Cổ phần Vận tải Dầu khí Đông Dương,Indochina Petroleum Transportation Joint Stock Company
UPCOM,PTV,Công ty Cổ phần Thương mại Dầu khí,Petroleum Trading Joint Stock Company
UPCOM,PTX,Công ty Cổ phần Vận tải và Dịch vụ Petrolimex Nghệ Tĩnh,Petrolimex Nghe Tinh Transportation and Service Joint Stock Company
HNX,PV2,Công ty Cổ phần Đầu tư PV2,PV2 Investment Joint Stock Company
UPCOM,PVA,Công ty Cổ phần Tổng Công ty Xây lắp Dầu khí Nghệ An,PetroVietnam - Nghe An Construction Joint Stock Corporation
HNX,PVB,Công ty Cổ phần Bọc ống Dầu khí Việt Nam,PetroVietnam Coating Joint Stock Company
HNX,PVC,Tổng Công ty Hóa chất và Dịch vụ Dầu khí - Công ty Cổ phần,Petrovietnam Chemical and Services Corporation
HOSE,PVD,CTCP KHOAN VA DV DAU KHI,PetroVietNam Driling & Well Services Corporation
UPCOM,PVE,Tổng Công ty Tư vấn Thiết kế Dầu khí - Công ty Cổ phần,PetroVietnam Engineering Corporation
HNX,PVG,Công ty Cổ phần Kinh doanh LPG Việt Nam,Petro Vietnam LPG Joint Stock Company
UPCOM,PVH,Công ty Cổ phần Xây lắp Dầu khí Thanh Hóa,Thanh Hoa Petroleum Construction Joint Stock Company
HNX,PVI,Công ty Cổ phần PVI,PVI Holdings
UPCOM,PVL,Công ty Cổ phần Đầu tư Nhà Đất Việt,Viet Property Investment Joint Stock Company
UPCOM,PVM,Công ty Cổ phần Máy - Thiết bị Dầu khí,Petrovietnam Machinery-Technology Joint Stock Company
UPCOM,PVO,Công ty Cổ phần Dầu nhờn PV Oil,PV Oil Lube Joint Stock Company
HOSE,PVP,CTCP VAN TAI DAU KHI TBD,Pacific Petroleum Transportation Joint Stock Company
UPCOM,PVR,Công ty Cổ phần Đầu tư PVR Hà Nội,Ha Noi PVR Investment Joint Stock Company
HNX,PVS,Tổng Công ty Cổ phần Dịch vụ Kỹ thuật Dầu khí Việt Nam,PetroVietnam Technical Services Corporation
HOSE,PVT,TCT CP VAN TAI DAU KHI,PetroVietNam Transportation Corporation
UPCOM,PVV,Công ty Cổ phần Vinaconex 39,Vinaconex 39 Joint Stock Company
UPCOM,PVX,Tổng Công ty Cổ phần Xây lắp Dầu khí Việt Nam,Petro Vietnam Construction Joint Stock Corporation
UPCOM,PVY,Công ty Cổ phần Chế tạo Giàn khoan Dầu khí,PetroVietnam Marine Shipyard Joint Stock Company
UPCOM,PWA,Công ty Cổ phần Bất động sản dầu khí,Petrowaco Property Joint Stock Company
UPCOM,PWS,Công ty Cổ phần Cấp thoát nước Phú Yên,Phu Yen Water Supply and Sewerage Joint Stock Company
UPCOM,PX1,Công ty Cổ phần Xi măng Sông Lam 2,Cement Joint Stock Company Song Lam 2
UPCOM,PXA,Công ty Cổ phần Đầu tư và Thương mại Dầu khí Nghệ An,PetroVietnam - Nghe An Investment & Trading Joint Stock Company
UPCOM,PXC,Công ty Cổ phần Phát triển Đô thị Dầu khí,Petrovietnam Urban Develoment Joint Stock Company
UPCOM,PXI,Công ty Cổ phần Xây dựng Công nghiệp và Dân dụng Dầu khí,Petroleum Industrial and Civil Construction Joint Stock Company
UPCOM,PXL,Công ty Cổ phần Đầu tư Khu Công Nghiệp Dầu khí Long Sơn,Long Son Petroleum Industrial Zone Investment Joint Stock Company
UPCOM,PXM,Công ty Cổ phần Xây lắp Dầu khí Miền Trung,Mientrung Petroleum Construction Joint Stock Company
UPCOM,PXS,Công ty Cổ phần Kết cấu Kim loại và Lắp máy Dầu khí,Petroleum Equipment Assembly And Metal Structure Joint Stock Company
UPCOM,PXT,Công ty Cổ phần Xây lắp Đường ống Bể chứa Dầu khí,Petroleum Pipeline And Tank Construction Joint Stock Company
UPCOM,QBS,Công ty Cổ phần Xuất nhập khẩu Quảng Bình,Quang Binh Import And Export Joint Stock Company
UPCOM,QCC,Công ty Cổ phần Đầu tư Xây dựng và Phát triển Hạ tầng Viễn Thông,Construction Investment and Telecommunications Infrastructure Development Joint Stock Company
HOSE,QCG,CTCP QUOC CUONG GIA LAI,Quoc Cuong Gia Lai Joint Stock Company
HNX,QHD,Công ty Cổ phần Que hàn điện Việt Đức,Viet-Duc Welding Electrode Joint Stock Company
UPCOM,QHW,Công ty Cổ phần Nước khoáng Quảng Ninh,Quang Ninh Mineral Water Corporation
UPCOM,QNC,Công ty Cổ phần Xi măng và Xây dựng Quảng Ninh,Quang Ninh Construction and Cement Joint Stock Company
HOSE,QNP,CTCP CANG QUY NHON,Quy Nhon Port Joint Stock Company
UPCOM,QNS,Công ty Cổ phần Đường Quảng Ngãi,Quang Ngai Sugar Joint Stock Company
UPCOM,QNT,Công ty Cổ phần Tư vấn và Đầu tư Phát triển Quảng Nam,Quang Nam Consulting and Investment Development Joint Stock Company
UPCOM,QNU,Công ty Cổ phần Môi trường Đô thị Quảng Nam,Quang Nam Urban Environment Joint Stock Company
UPCOM,QNW,Công ty Cổ phần Cấp thoát nước và xây dựng Quảng Ngãi,Quang Ngai Water Supply Sewerage and Construction Joint Stock Company
UPCOM,QPH,Công ty Cổ phần Thủy điện Quế Phong,Que Phong Hydropower Joint Stock Company
UPCOM,QSP,Công ty Cổ phần Tân cảng Quy Nhơn,Quy Nhon New Port Joint Stock Company
HNX,QST,Công ty Cổ phần Sách và Thiết bị trường học Quảng Ninh,Quang Ninh Book And Educational Equipment Joint Stock Company
HNX,QTC,Công ty Cổ phần Công trình Giao thông Vận tải Quảng Nam,Quang Nam Transportion Construction Joint Stock Company
UPCOM,QTP,Công ty Cổ phần Nhiệt điện Quảng Ninh,Quang Ninh Thermal Power Joint Stock Company
HOSE,RAL,CTCP B.DEN PH.NUOC R.DONG,Rang Dong Light Sources and Vacuum Flask Joint Stock Company
UPCOM,RAT,Công ty Cổ phần Vận tải và Thương mại Đường sắt,Railway Transport and Trade Joint Stock Company
UPCOM,RBC,Công ty Cổ phần Công Nghiệp và Xuất nhập khẩu Cao Su,Rubber Industry & Import- Export Joint Stock Company
UPCOM,RCC,Công ty Cổ phần Tổng Công ty Công trình Đường sắt,Railway Construction Corporation Joint Stock Company
UPCOM,RCD,Công ty Cổ phần Xây dựng - Địa ốc Cao su,Rubber Real Estate Construction Joint Stock Company
HNX,RCL,Công ty Cổ phần Địa ốc Chợ Lớn,Cho Lon Real Estate Joint Stock Company
HOSE,RDP,CTCP RANG DONG HOLDING,Rang Dong Holding Joint-Stock Company
HOSE,REE,CTY CP CO DIEN LANH,Refrigeration Electrical Engineering Corporation
UPCOM,RIC,Công ty Cổ phần Quốc Tế Hoàng Gia,Royal International Joint Stock Corporation
UPCOM,RTB,Công ty Cổ phần Cao su Tân Biên,Tan Bien Rubber Joint Stock Company
UPCOM,S12,Công ty Cổ phần Sông Đà 12,Song Da No 12 Joint Stock Company
UPCOM,S27,Công ty Cổ phần Sông Đà 27,Song Da 27 Joint Stock Company
HOSE,S4A,CTCP THUY DIEN SE SAN 4A,SeSan 4A HydroElectric Joint Stock Company
HNX,S55,Công ty Cổ phần Sông Đà 505,Song Da 505 Joint Stock Company
UPCOM,S72,Công ty Cổ phần Sông Đà 7.02,Song Da 7.02 Hydroelectric Joint Stock Company
UPCOM,S74,Công ty Cổ phần Sông Đà 7.04,Song Da 7.04 Joint Stock Company
UPCOM,S96,Công ty Cổ phần Sông Đà 9.06,Song Da 9.06 Joint Stock Company
HNX,S99,Công ty Cổ phần SCI,SCI Joint Stock Company
HOSE,SAB,TONG CTCP BIA-RUOU-NGK SG,Saigon Beer - Alcohol - Beverage Corporation
UPCOM,SAC,Công ty Cổ phần Xếp dỡ và Dịch vụ cảng Sài Gòn,Sai Gon Port Stevedoring And Service Joint Stock Company
HNX,SAF,Công ty Cổ phần Lương thực Thực phẩm SAFOCO,Safoco Foodstuff Joint Stock Company
UPCOM,SAL,Công ty Cổ phần Trục vớt Cứu hộ Việt Nam,Viet Nam Salvage Joint Stock Company
HOSE,SAM,CTCP SAM HOLDINGS,SAM Holdings Corporation
UPCOM,SAP,Công ty Cổ phần In Sách Giáo khoa TP.Hồ Chí Minh,Textbook Printing Joint Stock Company in Ho Chi Minh City
UPCOM,SAS,Công ty Cổ phần Dịch vụ Hàng không Sân bay Tân Sơn Nhất,Southern Airports Services Joint Stock Company
HOSE,SAV,CTCP HT KT&XNK SAVIMEX,Savimex Corporation
UPCOM,SB1,Công ty Cổ phần Bia Sài Gòn - Nghệ Tĩnh,Sai Gon - Nghe Tinh Beer Joint Stock Company 
HOSE,SBA,CTCP SONG BA,Song Ba Joint Stock Company
UPCOM,SBB,Công ty cổ phần Tập đoàn Bia Sài Gòn Bình Tây,Saigon Binh Tay Beer Group Joint Stock Company
UPCOM,SBD,Công ty Cổ phần Công nghệ Sao Bắc Đẩu,SaoBacDau Technologies Corporation
HOSE,SBG,CTCP TD CO KHI CNC SIBA,Siba High-tech Mechanical Group Joint Stock Company
UPCOM,SBH,Công ty Cổ phần Thủy điện Sông Ba Hạ,Song Ba Ha Hydro Power Joint Stock Company
UPCOM,SBL,Công ty Cổ phần Bia Sài Gòn - Bạc Liêu,Sai Gon - Bac Lieu Beer Joint Stock Company
UPCOM,SBM,Công ty Cổ phần Đầu tư phát triển Bắc Minh,Bac Minh Development Investment Joint Stock Company
UPCOM,SBR,Công ty Cổ phần Cao su Sông Bé,Song Be Rubber Joint Stock Company
UPCOM,SBS,Công ty Cổ phần Chứng khoán SBS,SBS Securities Joint Stock Company
HOSE,SBT,CTCP THANH THANH CONG-BH,Thanh Thanh Cong - Bien Hoa Joint Stock Company
HOSE,SBV,CTCP SIAM BROTHERS VN,Siam Brothers Vietnam Joint Stock Company
HOSE,SC5,CTCP XAY DUNG SO 5,Construction Joint Stock Company No 5
UPCOM,SCC,Công ty Cổ phần Thương mại Đầu tư SHB,SHB Trading Investment Joint Stock Company
UPCOM,SCD,Công ty Cổ phần Nước giải khát Chương Dương,Chuong Duong Beverages Joint Stock Company
HNX,SCG,Công ty Cổ phần Tập đoàn Xây dựng SCG,SCG Construction Group Joint Stock Company
HNX,SCI,Công ty Cổ phần SCI E&C,SCI E&C Joint Stock Company
UPCOM,SCJ,Công ty Cổ phần Xi măng Sài Sơn,Sai Son Cement Joint Stock Company
UPCOM,SCL,Công ty Cổ phần Sông Đà Cao Cường,Song Da Cao Cuong Joint Stock Company
UPCOM,SCO,Công ty Cổ phần Công nghiệp Thủy sản,Seaproducts Mechnical Shareholding Company
HOSE,SCR,CTCP DIA OC SG THUONG TIN,Sai Gon Thuong Tin Real Estate Joint Stock Company
HOSE,SCS,CTCP DV HANG HOA SAI GON,Saigon Cargo Service Corporation
UPCOM,SCY,Công ty Cổ phần Đóng tàu Sông Cấm,Song Cam Shipbuilding Joint Stock Company
UPCOM,SD1,Công ty Cổ phần Sông Đà 1,Song Da 1 Joint Stock Company
UPCOM,SD2,Công ty Cổ phần Sông Đà 2,Song Da 2 Joint Stock Company
UPCOM,SD3,Công ty Cổ phần Sông Đà 3,Song Da 3 Joint Stock Company
UPCOM,SD4,Công ty Cổ phần Sông Đà 4,Song Da 4 Joint Stock Company
HNX,SD5,Công ty Cổ phần Sông Đà 5,Song Da No5 Joint Stock Company
HNX,SD6,Công ty Cổ phần Sông Đà 6,Song Da Joint Stock Company No 6
UPCOM,SD7,Công ty Cổ phần Sông Đà 7,Songda 7 Joint Stock Company
UPCOM,SD8,Công ty Cổ phần Sông Đà 8,Song Da Joint Stock Company No 8
HNX,SD9,Công ty Cổ phần Sông Đà 9,Song Da No9 Joint Stock Company
HNX,SDA,Công ty Cổ phần SIMCO Sông Đà,SIMCO Song Da Joint Stock Company
UPCOM,SDB,Công ty Cổ phần Sông Đà 207,Song Da 207 Joint Stock Company
HNX,SDC,Công ty Cổ phần Tư vấn Sông Đà,Song Da Consulting Joint Stock Company
UPCOM,SDD,Công ty Cổ phần Đầu tư và Xây lắp Sông Đà,Song Da Investment and Construction Joint Stock Company
HNX,SDG,Công ty Cổ phần Sadico Cần Thơ,Can Tho Sadico Joint Stock Corporation
UPCOM,SDJ,Công ty Cổ phần Sông Đà 25,Song Da No. 25 Joint Stock Company
UPCOM,SDK,Công ty Cổ phần Cơ khí Luyện Kim,Mechanical Engineering and Metallurgy Joint - Stock Company
HNX,SDN,Công ty Cổ phần Sơn Đồng Nai,Dong Nai Paint Corporation
UPCOM,SDP,Công ty Cổ phần SDP,SDP Joint Stock Company
UPCOM,SDT,Công ty Cổ phần Sông Đà 10,Song Da No 10 Joint Stock Company
HNX,SDU,Công ty Cổ phần Đầu tư Xây dựng và Phát triển Đô thị Sông Đà,Song Da Urban Investment Construction And Development Joint Stock Company
UPCOM,SDV,Công ty Cổ phần Dịch vụ Sonadezi,Sonadezi Service Joint Stock Company
UPCOM,SDX,Công ty Cổ phần Phòng cháy chữa cháy và Đầu tư Xây dựng Sông Đà,Song Da Investment Construction and Fire Prevention Joint Stock Company
UPCOM,SDY,Công ty Cổ phần Xi măng Sông Đà Yaly,Song Da Yaly Cement Joint Stock Company
UPCOM,SEA,Tổng Công ty Thủy sản Việt Nam - Công ty Cổ phần,Viet Nam Seaproducts Joint Stock Corporation
HNX,SEB,Công ty Cổ phần Đầu tư và Phát triển Điện Miền Trung,Mien Trung Power Investment and Development Joint Stock Company
HNX,SED,Công ty Cổ phần Đầu tư và Phát triển Giáo dục Phương Nam,Phuong Nam Education Investment and Development Joint Stock Company
UPCOM,SEP,Công ty Cổ phần Tổng Công ty Thương mại Quảng Trị,Quang Tri General Trading Joint Stock Company
HOSE,SFC,CTCP NHIEN LIEU SAI GON,Saigon Fuel Joint Stock Company
HOSE,SFG,CTCP PHAN BON MIEN NAM,The Southern Fertilizer Joint Stock Company
HOSE,SFI,CTCP DAI LY VAN TAI SAFI,Sea And Air Freight International
HNX,SFN,Công ty Cổ phần Dệt lưới Sài Gòn,Saigon Fishing Net Joint Stock Company
UPCOM,SGB,Ngân hàng Thương mại Cổ phần Sài Gòn Công thương,Saigon Bank For Industry and Trade Joint Stock Bank
HNX,SGC,Công ty Cổ phần Xuất nhập khẩu Sa Giang,Sa Giang Import Export Corporation
HNX,SGD,Công ty Cổ phần Sách Giáo dục tại Thành phố Hồ Chí Minh,Educational Book Joint Stock Company in Ho Chi Minh City
HNX,SGH,Công ty Cổ phần Khách sạn Sài Gòn,Saigon Hotel Corporation
UPCOM,SGI,Công ty Cổ phần Đầu tư phát triển Sài Gòn 3 Group,Sai Gon 3 Group Investment Development Joint Stock Company
HOSE,SGN,CTCP PV MAT DAT SAI GON,Saigon Ground Services Joint Stock Company
UPCOM,SGP,Công ty Cổ phần Cảng Sài Gòn,Sai Gon Port Joint Stock Company
HOSE,SGR,CTCP DIA OC SAI GON,Saigon Real Estate Group Joint Stock Company
UPCOM,SGS,Công ty Cổ phần Vận tải biển Sài Gòn,Saigon Shipping Joint Stock Company
HOSE,SGT,CTCP CN VIEN THONG SAIGON,Saigon Telecommunication And Technologies Corporation
HOSE,SHA,CTCP SON HA SAI GON,Son Ha Sai Gon Joint Stock Company
HOSE,SHB,NH TMCP SAI GON-HA NOI,Saigon-Hanoi Commercial Joint Stock Bank
UPCOM,SHC,Công ty Cổ phần Hàng hải Sài Gòn,Sai Gon Maritime Joint Stock Company
HNX,SHE,Công ty Cổ phần Phát triển Năng Lượng Sơn Hà,Son Ha Development of Renewable Energy Joint Stock Company
UPCOM,SHG,Tổng Công ty Cổ phần Sông Hồng,SongHong Joint Stock Corporation
HOSE,SHI,CTCP QUOC TE SON HA,Sonha International Corporation
HNX,SHN,Công ty Cổ phần Đầu tư Tổng hợp Hà Nội,Hanoi Investment General Corporation
HOSE,SHP,CTCP THUY DIEN MIEN NAM,Southern Hydropower Joint Stock Company
HNX,SHS,Công ty Cổ phần Chứng khoán Sài Gòn - Hà Nội,Sai Gon - Ha Noi Securities Joint Stock Company
UPCOM,SID,Công ty Cổ phần Đầu tư Phát triển Sài Gòn Co.op,Saigon Co.op Investment Development Joint Stock Company
UPCOM,SIG,Công ty Cổ phần Đầu tư và Thương mại Sông Đà,Song Da Investment and Trading Joint Stock Company 
UPCOM,SII,Công ty Cổ phần Hạ tầng Nước Sài Gòn,Saigon Water Infrastructure Corporation
HOSE,SIP,CTCP DAU TU SAI GON VRG,Saigon VRG Investment Corporation
UPCOM,SIV,Công ty Cổ phần SIVICO,SIVICO Joint Stock Company
HNX,SJ1,Công ty Cổ phần Nông nghiệp Hùng Hậu,Hung Hau Agricultural Corporation
UPCOM,SJC,Công ty Cổ phần Sông Đà 1.01,Song Da 1.01 Joint Stock Company
HOSE,SJD,CTCP THUY DIEN CAN DON,Can Don Hydropower Joint Stock Company
HNX,SJE,Công ty Cổ phần Sông Đà 11,Song Da No11 Joint Stock Company
HOSE,SJF,CTCP DT SAO THAI DUONG,Sunstar Investment Joint Stock Company
UPCOM,SJG,Tổng Công ty Sông Đà,Song Da Corporation
UPCOM,SJM,Công ty Cổ phần Sông Đà 19,Song Da 19 Joint Stock Company
HOSE,SJS,CTCP DTPT DT&KCN SONG DA,SJ Group Joint Stock Company
HOSE,SKG,CTCP TCT SUPERDONG-KG,Superdong - Kien Giang Fast Ferry Joint Stock Company
UPCOM,SKH,Công ty Cổ phần Nước giải khát Sanest Khánh Hòa,Khanh Hoa Sanest Soft Drink Joint Stock Company
UPCOM,SKN,Công ty Cổ phần Nước giải khát Sanna Khánh Hòa,Sanna Khanh Hoa Beverage Joint Stock Company
UPCOM,SKV,Công ty Cổ phần Nước Giải khát Yến sào Khánh Hòa,Khanh Hoa Salanges Nest Soft Drink Joint Stock Company
HNX,SLS,Công ty Cổ phần Mía đường Sơn La,Son La Sugar Joint Stock Company
HOSE,SMA,CTCP TB-PT SAI GON,Saigon Machinery Spare Parts Joint Stock Company
HOSE,SMB,CTCP BIA SG - MT,Sai Gon - Mien Trung Beer Joint Stock Company
HOSE,SMC,CTCP DAU TU THUONGMAI SMC,SMC Trading Investment Joint Stock Company
HNX,SMN,Công ty Cổ phần Sách và thiết bị giáo dục Miền Nam,South Books and Educational Equipment Joint Stock Company
HNX,SMT,Công ty Cổ phần SAMETEL,SAMETEL Corporation
UPCOM,SNC,Công ty Cổ phần Xuất nhập khẩu Thủy sản Năm Căn,Nam Can Seaproducts Import Export Joint Stock Company
UPCOM,SNZ,Tổng Công ty Cổ phần Phát triển Khu Công nghiệp,Sonadezi Corporation
UPCOM,SP2,Công ty Cổ phần Thủy điện Sử Pán 2,Su Pan 2 Hydropower Joint Stock Company
UPCOM,SPB,Công ty Cổ phần Sợi Phú Bài,Phu Bai Spinning Mill Joint Stock Company
HNX,SPC,Công ty Cổ phần Bảo vệ Thực vật Sài Gòn,Saigon Plant Protection Joint Stock Company
UPCOM,SPD,Công ty Cổ phần Xuất nhập khẩu Thủy sản Miền Trung,Danang Seaproducts Import - Export Corporation
UPCOM,SPH,Công ty Cổ phần Xuất Nhập khẩu Thủy sản Hà Nội,Ha Noi Seaproducts Import Export Joint Stock Corporation
HNX,SPI,Công ty Cổ phần Spiral Galaxy,Spiral Galaxy Joint Stock Company
HOSE,SPM,CTCP S.P.M,S.P.M Corporation
UPCOM,SPV,Công ty Cổ phần Thủy Đặc Sản,Special Aquatic Products Joint Stock Company
UPCOM,SQC,Công ty Cổ phần Khoáng sản Sài Gòn - Quy Nhơn,Sai Gon - Quy Nhon Mining Corporation
HNX,SRA,Công ty Cổ phần SARA Việt Nam,Sara Vietnam Joint Stock Company
UPCOM,SRB,Công ty Cổ phần Tập đoàn Sara,Sara Joint Stock Company
HOSE,SRC,CTCP CAO SU SAO VANG,Sao Vang Rubber Joint Stock Company
HOSE,SRF,CTCP SEAREFICO,Searefico Corporation
UPCOM,SRT,Công ty Cổ phần Vận tải Đường sắt Sài Gòn,Saigon Railway Transport Joint Stock Company
HOSE,SSB,NH TMCP DONG NAM A,Southeast Asia Commercial Joint Stock Bank
HOSE,SSC,CTCP GIONG CT MIEN NAM,Southern Seed Joint-stock Company
UPCOM,SSF,Công ty Cổ phần Giáo dục G Sài Gòn,G Sai Gon Education Joint Stock Company
UPCOM,SSG,Công ty Cổ phần Vận tải Biển Hải Âu,Seagull Shipping Company
UPCOM,SSH,Công ty Cổ phần Phát triển Sunshine Homes,Sunshine Homes Development Joint Stock Company
HOSE,SSI,CTCP CHUNG KHOAN SSI,SSI Securities Corporation
HNX,SSM,Công ty Cổ phần Chế tạo kết cấu thép VNECO.SSM,Steel Structure Manufacture Joint Stock Company
UPCOM,SSN,Công ty Cổ phần Xuất nhập khẩu Thủy sản Sài Gòn,Saigon Sea Products Import Export Joint Stock Corporation
HOSE,ST8,CT CP SIEU THANH,ST8 Holdings Joint Stock Company
HOSE,STB,NH TMCP SG THUONG TIN,SaiGon Thuong Tin Commercial Joint Stock Bank
HNX,STC,Công ty Cổ phần Sách và Thiết bị trường học Thành phố Hồ Chí Minh,Book And Educational Equipment Joint Stock Company of Ho Chi Minh City
HOSE,STG,CTCP KHO VAN MIEN NAM,South Logistics Joint Stock Company
UPCOM,STH,Công ty Cổ phần Phát hành sách Thái Nguyên,Thai Nguyen Book Distribution Joint Stock Company
HOSE,STK,CTCP SOI THE KY,Century Synthetic Fiber Corporation
UPCOM,STL,Công ty Cổ phần Sông Đà - Thăng Long,SongDa - ThangLong Joint Stock Company
HNX,STP,Công ty Cổ phần Công nghiệp Thương mại Sông Đà,Song Da Industry Trade Joint Stock Company
UPCOM,STS,Công ty Cổ phần Dịch vụ vận tải Sài Gòn,Saigon Transport Agency Joint Stock Company
UPCOM,STT,Công ty Cổ phần Vận chuyển Sài Gòn Tourist,Saigon Tourist Transport Corporation
UPCOM,STW,Công ty Cổ phần Cấp nước Sóc Trăng,Soc Trang Water Supply Joint Stock Company
HOSE,SVC,CTCP DV TONG HOP SAI SON,SaiGon General Service Corporation
HOSE,SVD,CTCP DT&TM VU DANG,Vu Dang Investment & Trading Joint Stock Company
UPCOM,SVG,Công ty Cổ phần Hơi kỹ nghệ Que hàn,Industrial Gas and Welding Electrode Joint Stock Company
UPCOM,SVH,Công ty Cổ phần Thủy điện Sông Vàng,Song Vang HydroPower Joint Stock Company
HOSE,SVI,CTCP BAO BI BIEN HOA,Bien Hoa Packaging Joint Stock Company
HNX,SVN,Công ty Cổ phần Tập đoàn Vexilla Việt Nam,Vexilla Viet Nam Group Joint Stock Company
HOSE,SVT,17CTCP CN SG VIEN DONG,Sai Gon Vien Dong Technology Joint Stock Company
UPCOM,SWC,Tổng Công ty Cổ phần Đường Sông Miền Nam,Southern Waterborne Transport Corporation
HNX,SZB,Công ty Cổ phần Sonadezi Long Bình,Sonadezi Long Binh Share Holding Company
HOSE,SZC,CTCP SONADEZI CHAU DUC,Sonadezi Chau Duc Shareholding Company
UPCOM,SZE,Công ty Cổ phần Môi trường Sonadezi,Sonadezi Environment Joint Stock Company
UPCOM,SZG,Công ty Cổ phần Sonadezi Giang Điền,Sonadezi Giang Dien Shareholding Company
HOSE,SZL,CTCP SONADEZI LONG THANH,Sonadezi Long Thanh Shareholding Company
UPCOM,TA6,Công ty Cổ phần Đầu tư và Xây lắp Thành An 665,"Thanh An 665 Investment, Installation And Construction Joint Stock Company"
HNX,TA9,Công ty Cổ phần Xây lắp Thành An 96,Thanh An 96 Construction and Installation Joint Stock Company
UPCOM,TAL,Công Ty Cổ Phần Đầu Tư Bất Động Sản Taseco,Taseco Land Investment Joint Stock Company
UPCOM,TAN,Công ty Cổ phần Cà phê Thuận An,Thuan An Coffee Joint Stock Company
UPCOM,TAR,Công ty Cổ phần Nông nghiệp Công nghệ cao Trung An,Trung An Hi-tech Farming Joint Stock Company
UPCOM,TAW,Công ty Cổ phần Cấp nước Trung An,Trung An Water Supply Joint Stock Company
UPCOM,TB8,Công ty Cổ phần Sản xuất và Kinh doanh Vật tư Thiết bị - VVMI,VVMI - Manufacturing and Materials Equipment Trading Joint Stock Company
HOSE,TBC,CTCP THUY DIEN THAC BA,Thac Ba Hydropower Joint Stock Company
UPCOM,TBD,Tổng công ty Thiết bị điện Đông Anh - Công ty Cổ phần,Dong Anh Electrical Equipment Corporation
UPCOM,TBH,Công ty Cổ phần Tổng Bách Hóa,General Department Store Joint Stock Company
UPCOM,TBR,Công ty Cổ phần Địa ốc Tân Bình,Tan Binh Real Estate Joint Stock Company
UPCOM,TBT,Công ty Cổ phần Xây dựng Công trình Giao thông Bến Tre,Bentre Transportation Works Contruction Joint Stock Company
UPCOM,TBW,Công ty cổ phần Nước sạch Thái Bình,Thai Binh Clean Water Joint Stock Company
HNX,TBX,Công ty Cổ phần Xi măng Thái Bình,Thai Binh Cement Joint Stock Company
HOSE,TCB,NH TMCP KY THUONG VN,Vietnam Technological And Commercial Joint Stock Bank
HOSE,TCD,CTCP DTPT CN & VAN TAI,Transport and Industry Development Investment Joint Stock Company
HOSE,TCH,CTCP DTDV TC HOANG HUY,Hoang Huy Investment Financial Services Joint Stock Company
HOSE,TCI,CTCP CK THANH CONG,ThanhCong Securities Company
UPCOM,TCJ,Công ty Cổ phần Tô Châu,To Chau Joint Stock Company
UPCOM,TCK,Tổng Công ty Cơ khí Xây dựng - CTCP,Construction Machinery Corporation - JSC
HOSE,TCL,CTCP DLGNVT XEPDO TANCANG,Tan Cang Logistics and Stevedoring Join Stock Company
HOSE,TCM,CTCP DM DT TM THANH CONG,Thanh Cong Textile Garment Investment Trading Joint Stock Company
HOSE,TCO,CTCP VT DPT DUYEN HAI,TCO Holdings Joint Stock Company
HOSE,TCR,CTCP CN GOM SU TAICERA,Taicera Enterprise Company
HOSE,TCT,CTCP CT NUI BA TAY NINH,Tay Ninh Cable Car Tour Company
UPCOM,TCW,Công ty Cổ phần Kho Vận Tân Cảng,Tan Cang Warehousing Joint Stock Company
HNX,TCX124011,,
HNX,TCX124012,,
HNX,TCX124013,,
UPCOM,TDB,Công ty Cổ phần Thủy điện Định Bình,Dinh Binh Hydropower Joint Stock Company
HOSE,TDC,CTCP KD&PT BINH DUONG,Binhduong Trade And Development Joint Stock Company
UPCOM,TDF,Công ty Cổ phần Trung Đô,Trung Do Joint Stock Company
HOSE,TDG,CTCP DAU TU TDG GLOBAL,TDG Global Investment Joint Stock Company
HOSE,TDH,CTCP PT NHA THU DUC,Thu Duc Housing Development Corporation
HOSE,TDM,CTCP NUOC THU DAU MOT,Thu Dau Mot Water Joint Stock Company
HOSE,TDP,CONG TY CO PHAN THUAN DUC,Thuan Duc Joint Stock Company
HNX,TDP124010,,
UPCOM,TDS,Công ty Cổ phần Thép Thủ Đức - VNSTEEL,VNSTEEL - Thu Duc Steel Joint Stock Company
HNX,TDT,Công ty Cổ phần Đầu tư và Phát triển TDT,TDT Investment And Development Joint Stock Company
HOSE,TDW,CTCP CAP NUOC THU DUC,Thu Duc Water Supply Joint Stock Company
UPCOM,TED,Tổng Công ty Tư vấn Thiết kế Giao thông Vận tải - CTCP,Transport Engineering Design InCorporated
HOSE,TEG,CTCP NL&BDS TRUONG THANH,Truong Thanh Energy and Real Estate Joint Stock Company
UPCOM,TEL,Công ty Cổ phần Phát triển công trình viễn thông,Telecommunication Project Construction Development Joint Stock Company
HNX,TET,Công ty Cổ phần Vải sợi May mặc Miền Bắc,Northern Textiles And Garments Joint Stock Company (TEXTACO)
HNX,TFC,Công ty Cổ phần Trang,TRANG CORPORATION
UPCOM,TGG,Công ty Cổ phần The Golden Group,The Golden Group Joint Stock Company
UPCOM,TGP,Công ty Cổ phần Trường Phú,Truong Phu Joint Stock Company
UPCOM,TH1,Công ty Cổ phần Xuất nhập khẩu Tổng hợp I Việt Nam,The Vietnam National General Export - Import Joint Stock Company No.1
HNX,THB,Công ty Cổ phần Bia Hà Nội - Thanh Hóa,Ha Noi - Thanh Hoa Beer Joint Stock Company
HNX,THD,Công ty Cổ phần Thaiholdings,Thaiholdings Joint Stock Company
HOSE,THG,CTCP DT & XD TIEN GIANG,Tien Giang Investment and Construction Joint Stock Company
UPCOM,THM,Công ty Cổ phần Tứ Hải Hà Nam,Tu Hai Ha Nam Joint Stock Company
UPCOM,THN,Công ty Cổ phần Cấp nước Thanh Hóa,Thanh Hoa Water Supply Joint Stock Company
UPCOM,THP,Công ty Cổ phần Thủy sản và Thương mại Thuận Phước,Thuan Phuoc Seafoods and Trading Corporation
HNX,THS,Công ty Cổ phần Thanh Hoa Sông Đà,Song Da Thanh Hoa Joint Stock Company
HNX,THT,Công ty Cổ phần Than Hà Tu - Vinacomin,Vinacomin - Ha Tu Coal Joint Stock Company
UPCOM,THU,Công ty Cổ phần Môi trường và Công trình đô thị Thanh Hóa,Thanh Hoa Urban Construction and Environment Joint Stock Company
UPCOM,THW,Công ty Cổ phần Cấp nước Tân Hòa,Tan Hoa Water Supply Joint Stock Company
UPCOM,TID,Công ty Cổ phần Tổng Công ty Tín Nghĩa,Tin Nghia Corporation
UPCOM,TIE,Công ty Cổ phần TIE,Telecommunications Industry Electronics Joint Stock Company
HNX,TIG,Công ty Cổ phần Tập đoàn Đầu tư Thăng Long,ThangLong Investment Group Joint Stock Company
UPCOM,TIN,Công ty Tài chính Cổ phần Tín Việt,VIETCREDIT Finance Company
HOSE,TIP,CTCP PT KCN TIN NGHIA,Tin Nghia Industrial Park Development Joint Stock Company
UPCOM,TIS,Công ty Cổ phần Gang thép Thái Nguyên,Thai Nguyen Iron and Steel Joint Stock Corporation
HOSE,TIX,CTCP SXKD XNKDVDT TANBINH,Tan Binh Import - Export Joint Stock Corporation
HNX,TJC,Công ty Cổ phần Dịch vụ Vận tải và Thương mại,Transportation and Trading services Joint Stock Company
UPCOM,TKA,Công ty Cổ phần Bao bì Tân Khánh An,Tan Khanh An Packaging Joint Stock Company
UPCOM,TKC,Công ty Cổ phần Xây dựng và Kinh doanh Địa ốc Tân Kỷ,Tanky Construction Real Estate Trading Corporation
HNX,TKG,Công ty Cổ phần Sản xuất và Thương mại Tùng Khánh,Tung Khanh Trading and Manufacturing Joint Stock Company
HNX,TKU,Công ty Cổ phần Công nghiệp Tung Kuang,Tung Kuang Industrial Joint Stock Company
UPCOM,TL4,Tổng Công ty Xây dựng Thủy lợi 4 - Công ty Cổ phần,Hydraulics Construction Corporation No.4 Joint Stock Company
HOSE,TLD,CTCP DTXD&PTDT THANG LONG,Thang Long Urban Development and Construction Investment Joint Stock Company
HOSE,TLG,CTCP TAP DOAN THIEN LONG,Thien Long Group Corporation
HOSE,TLH,CTCP TD THEP TIEN LEN,Tienlen Steel Corporation Joint Stock Company
UPCOM,TLI,Công ty Cổ phần May Quốc tế Thắng Lợi,Thang Loi International Garment Joint Stock Company
UPCOM,TLP,Tổng Công ty Thương mại Xuất nhập khẩu Thanh Lễ - CTCP,Thanh Le Corporation
UPCOM,TLT,Công ty Cổ phần Viglacera Thăng Long,Viglacera ThangLong Joint Stock Company
HNX,TMB,Công ty Cổ phần Kinh doanh Than Miền Bắc - Vinacomin,Vinacomin - Northern Coal Trading Joint Stock Company
HNX,TMC,Công ty Cổ phần Thương mại Xuất nhập khẩu Thủ Đức,Thu Duc Trading and Import Export Joint Stock Company
UPCOM,TMG,Công ty Cổ phần Kim loại màu Thái Nguyên - Vimico,Vimico - Thai Nguyen Non Ferrous Metal Joint Stock Company 
HOSE,TMP,CTCP THUY DIEN THAC MO,Thac Mo Hydropower Joint Stock Company
HOSE,TMS,CTCP TRANSIMEX,Transimex Corporation
HOSE,TMT,CTCP O TO TMT,TMT Motors Corporation
UPCOM,TMW,Công ty Cổ phần Tổng hợp Gỗ Tân Mai,Tan Mai General Wood Joint Stock Company
HNX,TMX,Công ty Cổ phần VICEM Thương mại Xi măng,VICEM Cement Trading Joint Stock Company
HOSE,TN1,CTCP TMDV TNS HOLDINGS,Rox Key Holdings Joint Stock Company
HNX,TN1122016,,
HOSE,TNA,CTCP TM XNK THIEN NAM,Thien Nam Trading Import-Export Joint Stock Company
UPCOM,TNB,Công ty Cổ phần Thép Nhà Bè - VNSTEEL,VNSTEEL - Nha Be Steel Joint Stock Company
HOSE,TNC,CTCP CAO SU THONG NHAT,Thong Nhat Rubber Joint Stock Company
HNX,TNG,Công ty Cổ phần Đầu tư và Thương mại TNG,TNG Investment And Trading Joint Stock Company
HNX,TNG122017,,
HOSE,TNH,CTCP BVQT THAI NGUYEN,TNH Hospital Group Joint Stock Company
HOSE,TNI,CTCP TAP DOAN THANH NAM,Thanh Nam Group Joint Stock Company
UPCOM,TNM,Công ty Cổ phần Xuất nhập khẩu và Xây dựng Công trình,Tranimexco Transportation Import-Export and Construction Joint-Stock Company
UPCOM,TNP,Công ty Cổ phần Cảng Thị Nại,Thi Nai Port Joint Stock Company
UPCOM,TNS,Công ty Cổ phần Thép Tấm Lá Thống Nhất,Thongnhat Flat Steel Joint Stock Company
HOSE,TNT,CTCP TAP DOAN TNT,TNT Group Joint Stock Company
UPCOM,TNW,Công ty Cổ phần Nước sạch Thái Nguyên,Thai Nguyen Water Joint Stock Company
UPCOM,TOP,Công ty Cổ phần Phân phối Top One,Top One Allot Joint Stock Company
UPCOM,TOS,Công ty Cổ phần Dịch vụ biển Tân Cảng,Tan Cang Offshore Services Joint Stock Company
HNX,TOT,Công ty Cổ phần Transimex Logistics,Transimex Logistics Corporation
UPCOM,TOW,Công ty Cổ phần Cấp nước Trà Nóc - Ô Môn,Tra Noc - O Mon Water Supply Joint Stock Company
HOSE,TPB,NGAN HANG TMCP TIEN PHONG,Tien Phong Commercial Joint Stock Bank
HOSE,TPC,CTCP NHUA TAN DAI HUNG,Tan Dai Hung Plastic Joint Stock Company
HNX,TPH,Công ty Cổ phần In Sách giáo khoa tại Thành phố Hà Nội,Hanoi Textbooks Printing Joint Stock Company
HNX,TPP,Công ty Cổ phần Tân Phú Việt Nam,Tan Phu Viet Nam Joint Stock Company
UPCOM,TPS,Công ty Cổ phần Bến bãi vận tải Sài Gòn,Sai Gon Transporation Parking Joint Stock Company
UPCOM,TQN,Công ty Cổ phần Thông Quảng Ninh,Quang Ninh Pine Joint Stock Company
UPCOM,TQW,Công ty Cổ phần Cấp thoát nước Tuyên Quang,Tuyen Quang Water Supply and Sewerage Joint Stock Company
UPCOM,TR1,Công ty Cổ phần Vận Tải 1 Traco,Traco Transport Joint Stock Corporation No.1
HOSE,TRA,CONG TY CP TRAPHACO,Traphaco Joint Stock Company
HOSE,TRC,CTCP CAO SU TAY NINH,Tay Ninh Rubber Joint Stock Company
UPCOM,TRS,Công ty Cổ phần Vận tải và Dịch vụ Hàng Hải,Tracimexco Supply Chains and Agency Services Joint Stock Company
UPCOM,TRT,Công ty Cổ phần RedstarCera,RedstarCera Joint Stock Company
UPCOM,TS3,Công ty Cổ phần Trường Sơn 532,Truong Son 532 Joint Stock Company
UPCOM,TS4,Công ty Cổ phần Thủy sản số 4,Seafood Joint Stock Company No 4
UPCOM,TSA,Công ty Cổ Phần Đầu Tư Và Xây Lắp Trường Sơn,Truong Son Investment And Construction Joint Stock Company
HNX,TSB,Công ty Cổ phần Ắc quy Tia Sáng,Tia Sang Battery Joint Stock Company
HOSE,TSC,CTCP VT KT NN CAN THO,Techno - Agricultural Supplying Joint Stock Company
UPCOM,TSD,Công ty Cổ phần Du lịch Trường Sơn Coecco,Truong Son Tourism Joint Stock Company Ceocco
UPCOM,TSG,Công ty Cổ phần Thông tin Tín hiệu Đường sắt Sài Gòn,Sai Gon Railway of Telecommunication - Signalization Joint Stock Company 
UPCOM,TSJ,Công ty Cổ phần Du lịch Dịch vụ Hà Nội,Hanoi Tourist Service Joint Stock Company
UPCOM,TST,Công ty Cổ phần Dịch vụ Kỹ thuật Viễn thông,Telecommunication Technical Service Joint Stock Company
UPCOM,TT6,Công ty Cổ Phần Tập Đoàn Tiến Thịnh,Tien Thinh Group Joint Stock Company
HOSE,TTA,CTCP DTXD&PT TRUONG THANH,Truong Thanh Development and Construction Investment Joint Stock Company
UPCOM,TTB,Công ty Cổ phần TTBGROUP,TTBGROUP Joint Stock Company
HNX,TTC,Công ty Cổ phần Gạch men Thanh Thanh,Thanh Thanh Joint Stock Company
UPCOM,TTD,Công ty Cổ phần Bệnh viện Tim Tâm Đức,Tam Duc Cardiology Hospital Joint Stock Company
HOSE,TTE,CTCP DT NL TRUONG THINH,Truong Thinh Energy Investment Joint Stock Company
HOSE,TTF,CTCP TDKN GO TRUONG THANH,Truong Thanh Furniture Corporation
UPCOM,TTG,Công ty Cổ phần May Thanh Trì,Thanh Tri Garment Joint Stock Company
HNX,TTH,Công ty Cổ phần Thương mại và Dịch vụ Tiến Thành,Tien Thanh Service and Trading Joint Stock Company
HNX,TTL,Tổng Công ty Thăng Long - Công ty Cổ phần,Thang Long Joint Stock Corporation
UPCOM,TTN,Công ty Cổ phần Công nghệ & Truyền thông Việt Nam,Viet Nam Technology & Telecommunication Joint Stock Company
UPCOM,TTP,Công ty Cổ phần Bao bì Tân Tiến,Tan Tien Packaging Joint Stock Company
UPCOM,TTS,Công ty Cổ phần Cán thép Thái Trung,Thai Trung Steel Joint Stock Company
HNX,TTT,Công ty Cổ phần Du Lịch - Thương Mại Tây Ninh,Tay Ninh Tourist - Trading Joint Stock Company
UPCOM,TTZ,Công ty Cổ phần Đầu tư Xây dựng và Công nghệ Tiến Trung,Tien Trung Investment Construction and Technology Joint Stock Company
UPCOM,TUG,Công ty Cổ phần Lai dắt và Vận tải Cảng Hải Phòng,Haiphong Tugboat and Transport Joint Stock Company
UPCOM,TV1,Công ty Cổ phần Tư vấn Xây dựng Điện 1,Power Engineering Consulting Joint Stock Company 1
HOSE,TV2,CTCP TV XD DIEN 2,Power Engineering Consulting Joint Stock Company 2
HNX,TV3,Công ty Cổ phần Tư vấn Xây dựng Điện 3,Power Engineering Consulting Joint Stock Company 3
HNX,TV4,Công ty Cổ phần Tư vấn Xây dựng Điện 4,Power Engineering Consulting Joint Stock Company 4
UPCOM,TV6,Công ty Cổ phần Thương mại Đầu tư xây lắp điện Thịnh Vượng,Thinh Vuong Power Construction Trading and Investment Joint Stock Company
UPCOM,TVA,Công ty cổ phần Sứ Viglacera Thanh Trì,Viglacera Thanh Tri Sanitary Joint Stock Company
HOSE,TVB,CTCP CHUNG KHOAN TRI VIET,Tri Viet Securities Joint Stock Corporation
HNX,TVC,Công ty Cổ phần Tập đoàn Quản lý Tài sản Trí Việt,Tri Viet Asset Management Corporation Joint Stock Company
HNX,TVD,Công ty Cổ phần Than Vàng Danh - Vinacomin,Vang Danh Coal Joint Stock Company
UPCOM,TVG,Công ty Cổ phần Tư vấn Đầu tư và Xây dựng Giao thông Vận tải,Transport Investment And Construction Consultant Joint Stock Company
UPCOM,TVH,Công ty Cổ phần Tư vấn Xây dựng công trình Hàng hải,Construction Consultation Joint Stock Company For Maritime Building
UPCOM,TVM,Công ty Cổ phần Tư vấn đầu tư Mỏ và công nghiệp - Vinacomin,Vinacomin Industry Investment Consulting Joint Stock Company
UPCOM,TVN,Tổng Công ty Thép Việt Nam - Công ty Cổ phần,Viet Nam Steel Corporation
HOSE,TVS,CTCP CK THIEN VIET,Thien Viet Securities Joint-Stock Company
HOSE,TVT,TCT VIET THANG-CTCP,Viet Thang Corporation - JSC
UPCOM,TW3,Công ty Cổ phần Dược Trung Ương 3,Central Pharmaceutical Joint Stock Company No.3
HNX,TXM,Công ty Cổ phần VICEM Thạch cao Xi Măng,VICEM Gypsum and Cement Joint Stock Company
HOSE,TYA,CTCP DAY&CAP DIEN TAYA VN,Taya (VIET NAM) Electric Wire and Cable Joint Stock Company
UPCOM,UCT,Công ty Cổ phần Đô thị Cần Thơ,CanTho Urban Joint Stock Company
UPCOM,UDC,Công ty Cổ phần Xây dựng và Phát triển đô thị Tỉnh Bà Rịa - Vũng Tàu,Urban Development Construction Corporation
UPCOM,UDJ,Công ty Cổ phần Phát triển Đô thị,Becamex Urban Development Joint Stock Company
UPCOM,UDL,Công ty Cổ phần Đô thị và Môi trường Đắk Lắk,Dak Lak Urban and Enviroment Joint Stock Company
UPCOM,UEM,Công ty Cổ phần Cơ điện Uông Bí - Vinacomin,Vinacomin - Uong Bi Electric Mechanical Joint Stock Company
HOSE,UIC,CTCP DTPT NHA&DT IDICO,Idico Urban and House Development Joint stock Company
UPCOM,UMC,Công ty Cổ phần Công trình đô thị Nam Định,Nam Dinh Urband Construction Management Joint Stock Company
HNX,UNI,Công ty Cổ phần Đầu tư và Phát triển Sao Mai Việt,Sao Mai Viet Investment and Development Joint Stock Company
UPCOM,UPC,Công ty Cổ phần Phát triển Công viên Cây xanh và Đô thị Vũng Tàu,Vung Tau Urban and Parks Development Joint Stock Company
UPCOM,UPH,Công ty Cổ phần Dược phẩm TW25,No 25 Central Pharmaceutical Joint Stock Company
UPCOM,USC,Công ty Cổ phần Khảo sát và Xây dựng - USCO,Union of Survey And Construction Joint Stock Company
UPCOM,USD,Công ty Cổ phần Công trình Đô thị Sóc Trăng,Soc Trang Public Works Joint Stock Company
UPCOM,V11,Công ty Cổ phần Xây dựng số 11,Vietnam Construction Joint Stock Company No11
HNX,V12,Công ty Cổ phần Xây dựng số 12,Viet Nam Construction Joint Stock Company No 12
UPCOM,V15,Công ty Cổ phần Xây dựng số 15,Vinaconex 15 Joint Stock Company
HNX,V21,Công ty Cổ phần Vinaconex 21,Vinaconex 21 Joint Stock Company
UPCOM,VAB,Ngân hàng Thương mại Cổ phần Việt Á,Vietnam-Asia Commercial Joint Stock Bank
HOSE,VAF,CTCP PHAN LAN NC VAN DIEN,Van Dien Fused Magnesium Phosphate Fertilizer Joint Stock Company
UPCOM,VAV,Công ty Cổ phần VIWACO,VIWACO Joint Stock Company
HNX,VBA121033,,
HNX,VBA122001,,
HNX,VBA123036,,
UPCOM,VBB,Ngân hàng Thương mại Cổ phần Việt Nam Thương Tín,Vietnam Thuong Tin Commercial Joint Stock Bank
HNX,VBB122033,,
HNX,VBC,"Công ty Cổ phần Nhựa, Bao bì Vinh",Vinh Plastic and Bags Joint Stock Company
UPCOM,VBG,Công ty Cổ phần Địa chất Việt Bắc - TKV,Vinacomin - Viet Bac Geology Joint Stock Company
UPCOM,VBH,Công ty Cổ phần Điện tử Bình Hòa,Viettronics Binh Hoa Joint Stock Company
HNX,VC1,Công ty Cổ phần Xây dựng số 1,Construction Joint Stock Company No 1
HNX,VC2,Công ty Cổ phần Đầu tư và Xây dựng VINA2,VINA2 Investment and Construction Joint Stock Company
HNX,VC3,Công ty Cổ phần Tập đoàn Nam Mê Kông,Nam MeKong Group Joint Stock Company
UPCOM,VC5,Công ty Cổ phần xây dựng số 5,Construction Joint Stock Company - Number 5
HNX,VC6,Công ty cổ phần Xây dựng và Đầu tư Visicons,Visicons Construction and Investment Joint Stock Company
HNX,VC7,Công ty Cổ phần Tập đoàn BGI,BGI Group Joint Stock Company
HNX,VC9,Công ty Cổ phần Xây dựng số 9 - VC9,VC9 - No 9 Construction Joint Stock Company 
HOSE,VCA,CTCP THEP VICASA-VNSTEEL,VNSTEEL - VICASA Joint Stock Company
HOSE,VCB,NH TMCP NGOAI THUONG VN,Joint Stock Commercial Bank For Foreign Trade Of Vietnam
HNX,VCC,Công ty Cổ phần Vinaconex 25,Vinaconex 25 Joint Stock Company
UPCOM,VCE,Công ty Cổ phần Xây lắp Môi trường,Construction Environment Joint Stock Company
HOSE,VCF,CTCP VINACAFE BIEN HOA,VinaCafé Bien Hoa Joint Stock Company
HOSE,VCG,TONG CTCP XNK VA XD VN,Vietnam Construction And Import - Export Joint Stock Corporation
HOSE,VCI,CTCP CHUNG KHOAN VIETCAP,Vietcap Securities Joint Stock Company
HNX,VCM,Công ty Cổ phần BV Life,BV Life Joint Stock Company
UPCOM,VCP,Công ty Cổ phần Xây dựng và Năng lượng VCP,VCP Power & Construction Joint Stock Company
UPCOM,VCR,Công ty Cổ phần Đầu tư và Phát triển Du lịch Vinaconex,Vinaconex Investment and Tourism Development Joint Stock Company
HNX,VCS,Công ty Cổ phần VICOSTONE,VICOSTONE Joint Stock Company
UPCOM,VCT,Công ty Cổ phần Tư vấn Xây dựng Vinaconex,Vinaconex's Construction Consultant Joint Stock Company
UPCOM,VCW,Công ty Cổ phần Đầu tư Nước sạch Sông Đà,Song Da Water Investment Joint Stock Company
UPCOM,VCX,Công ty Cổ phần Xi măng Yên Bình,YenBinh Cement Joint - Stock Company
UPCOM,VDB,Công ty Cổ phần Vận tải và Chế biến Than Đông Bắc,Dong Bac Transport and Processing of Coal Joint Stock Company
HNX,VDL,Công ty Cổ phần Thực phẩm Lâm Đồng,Lam Dong Foodstuffs Joint Stock Company
UPCOM,VDN,Công ty Cổ phần Vinatex Đà Nẵng,Vinatex Da Nang Joint Stock Company
HOSE,VDP,CTCP DUOC PHAM TU VIDIPHA,VIDIPHA Central Pharmaceutical Joint Stock Company
HOSE,VDS,CTCP CK RONG VIET,Viet Dragon Securities Corporation
UPCOM,VDT,Công ty Cổ phần Lưới thép Bình Tây,Binh Tay Steel Netting Joint Stock Company
HNX,VE1,Công ty Cổ phần Xây dựng điện VNECO 1,VNECO 1 Electricity Construction Joint Stock Company
UPCOM,VE2,Công ty Cổ phần Xây dựng Điện VNECO 2,VNECO 2 Electricity Construction Joint Stock Company
HNX,VE3,Công ty Cổ phần Xây dựng điện VNECO 3,VNECO 3 Electricity Construction Joint Stock Company
HNX,VE4,Công ty Cổ phần Xây dựng điện VNECO4,VNECO4 Electricity Construction Joint Stock Company
HNX,VE8,Công ty Cổ phần Xây dựng Điện Vneco 8,Vneco 8 Electricity Construction Joint Stock Corporation
UPCOM,VE9,Công ty Cổ phần Đầu tư và Xây dựng VNECO 9,VNECO 9 Investment & Construction Joint Stock Company
UPCOM,VEA,Tổng Công ty Máy động lực và Máy nông nghiệp Việt Nam - CTCP,Vietnam Engine and Agricultural Machinery Corporation
UPCOM,VEC,Tổng Công ty Cổ phần Điện tử và Tin học Việt Nam,Vietnam Electronics And Informatics Joint Stock Corporation
UPCOM,VEF,Công ty Cổ phần Trung tâm Hội chợ Triển lãm Việt Nam,Vietnam Exhibition Fair Centre Joint Stock Company
UPCOM,VES,Công ty Cổ phần Đầu tư và Xây dựng Điện MÊ CA VNECO,Meca Vneco Investment And Electricity Construction Joint Stock Company
UPCOM,VET,Công ty Cổ phần Thuốc Thú y Trung ương NAVETCO,NAVETCO National Veterinary Joint Stock Company
UPCOM,VFC,Công ty Cổ phần VINAFCO,Vinafco Joint Stock Corporation
HOSE,VFG,CTCP KHU TRUNG VIET NAM,Vietnam Fumigation Joint Stock Company
UPCOM,VFR,Công ty Cổ phần Vận tải và Thuê tàu,Transport and Chartering Corporation
HNX,VFS,Công ty Cổ phần Chứng khoán Nhất Việt,Viet First Securities Corporation
HOSE,VGC,TCT VIGLACERA - CTCP,Viglacera Corporation
UPCOM,VGG,Tổng Công Ty Cổ phần May Việt Tiến,Viet Tien Garment Corporation
UPCOM,VGI,Tổng Công ty Cổ phần Đầu tư Quốc tế Viettel,Viettel Global Investment Joint Stock Company
UPCOM,VGL,Công ty Cổ phần Mạ kẽm công nghiệp Vingal-Vnsteel,Vingal Vnsteel Industries Joint Stock Company
HNX,VGP,Công ty Cổ phần Cảng Rau Quả,The Vegetexco Port Joint Stock Company
UPCOM,VGR,Công ty Cổ phần Cảng xanh VIP,VIP Green Port Joint Stock Company
HNX,VGS,Công ty Cổ phần Ống thép Việt - Đức VG PIPE,Vietnam Germany Steel Pipe Joint Stock Company
UPCOM,VGT,Tập đoàn Dệt May Việt Nam,Vietnam National Textile And Garment Group
UPCOM,VGV,Tổng Công ty Tư vấn Xây dựng Việt Nam - CTCP,Vietnam National Construction Consultant Corporation - JSC
HOSE,VHC,CTCP VINH HOAN,Vinh Hoan Corporation
UPCOM,VHD,Công ty Cổ phần Đầu tư phát triển nhà và đô thị VINAHUD,VINAHUD Urban and Housing Development Investment Joint Stock Company
HNX,VHE,Công ty Cổ phần Dược liệu và Thực phẩm Việt Nam,Viet Nam Herbs and Foods Joint Stock Company
UPCOM,VHF,Công ty Cổ phần Xây dựng và Chế biến lương thực Vĩnh Hà,Vinh Ha Food Processing And Construction Joint Stock Company
UPCOM,VHG,Công ty Cổ phần Đầu tư và Phát triển Việt Trung Nam,Viet Trung Nam Investment and Development Joint Stock Company
UPCOM,VHH,Công ty Cổ phần Đầu tư Kinh doanh nhà Thành Đạt,Thanh Dat Investment House Trading Joint Stock Company
HNX,VHL,Công ty Cổ phần Viglacera Hạ Long,Viglacera Ha Long Joint Stock Company
HOSE,VHM,CTCP VINHOMES,Vinhomes Joint Stock Company
HNX,VHM121024,,
HNX,VHM121025,,
HOSE,VIB,NGAN HANG TMCP QUOC TE VN,Viet Nam International Commercial Joint Stock Bank
HOSE,VIC,TAP DOAN VINGROUP-CTCP,VinGroup Joint Stock Company
HNX,VIC123028,,
HNX,VIC123029,,
HNX,VIC124003,,
HNX,VIC124004,,
HNX,VIC124005,,
HOSE,VID,CTCP DT PT TM VIEN DONG,Vien Dong Investment Development Trading Corporation
UPCOM,VIE,Công ty Cổ phần Công nghệ Viễn thông VI TE CO,VITECO Vietnam Telecommunications Technology Joint Stock Company
HNX,VIF,Tổng Công ty Lâm nghiệp Việt Nam - Công ty Cổ phần,VietNam Forestry Corporation - Joint Stock Company
HNX,VIG,Công ty Cổ phần Chứng khoán Đầu tư Tài chính Việt Nam,Viet Nam Financial Investment Securities Corporation
UPCOM,VIH,Công ty Cổ phần Viglacera Hà Nội,Viglacera Ha Noi Joint Stock Company
UPCOM,VIM,Công ty Cổ phần Khoáng sản Viglacera,Viglacera Mineral Joint Stock Company
UPCOM,VIN,Công ty Cổ phần Giao nhận Kho vận Ngoại thương Việt Nam,VINATRANS
HOSE,VIP,CTCP V.TAI X.DAU VIPCO,Vietnam Petroleum Transport Joint Stock Company
UPCOM,VIR,Công ty Cổ phần Du lịch Quốc tế Vũng Tàu,VungTau Intourco Resort Joint Stock Company
HNX,VIT,Công ty Cổ phần Viglacera Tiên Sơn,Viglacera Tien Son Joint Stock Company
UPCOM,VIW,Tổng công ty Đầu tư Nước và Môi trường Việt Nam - Công ty Cổ phần,Vietnam Water and Environment Investment Corporation - JSC
HOSE,VIX,CTCP CHUNG KHOAN VIX,VIX Securities Joint Stock Company
HOSE,VJC,CTCP HANG KHONG VIETJET,VietJet Aviation Joint Stock Company
UPCOM,VKC,Công ty Cổ phần VKC Holdings,VKC Holdings Joint Stock Company
UPCOM,VKP,Công ty Cổ phần Nhựa Tân Hóa,Viky Plastic Joint Stock Company
HNX,VLA,Công ty Cổ phần Đầu tư và Phát triển Công nghệ Văn Lang,Van Lang Technology Development and Investment Joint Stock Company
UPCOM,VLB,Công ty Cổ phần Xây dựng và Sản xuất Vật liệu Xây dựng Biên Hòa,Bien Hoa Building Materials Production and Construction Joint Stock Company
UPCOM,VLC,Tổng Công ty Chăn nuôi Việt Nam - Công ty Cổ phần,Vietnam LiveStock Corporation - Joint Stock Company
UPCOM,VLF,Công ty Cổ phần Lương thực Thực phẩm Vĩnh Long,VinhLong Cereal and Food Corporation
UPCOM,VLG,Công ty Cổ phần VIMC Logistics,VIMC Logistics Joint Stock Company
UPCOM,VLP,Công ty Cổ phần Công trình Công cộng Vĩnh Long,Vinh Long Public Works Joint Stock Company
UPCOM,VLW,Công ty Cổ phần Cấp nước Vĩnh Long,Vinh Long Water Supply Joint Stock Company
UPCOM,VMA,Công ty Cổ phần Công nghiệp Ô tô Vinacomin,Vinacomin Motor Industry Joint Stock Company
HNX,VMC,Công ty Cổ phần VIMECO,Vimeco Joint Stock Company
HOSE,VMD,CTCP Y DP VIMEDIMEX,Vimedimex Medi - Pharma Joint Stock Company
UPCOM,VMG,Công ty Cổ phần Thương mại và Dịch vụ Dầu khí Vũng Tàu,Vung Tau Petroleum Trading and Services Joint Stock Company
UPCOM,VMK,Công ty Cổ Phần Vimarko,Vimarko Joint Stock Company
HNX,VMS,Công ty Cổ phần Phát triển Hàng Hải,Vietnam Maritime Development Joint Stock Company
UPCOM,VMT,Công ty Cổ phần Giao nhận Vận tải Miền Trung,Vina Trans Da Nang Joint Stock Company
DERIVATIVES,VN30F2408,,
DERIVATIVES,VN30F2409,,
DERIVATIVES,VN30F2412,,
DERIVATIVES,VN30F2503,,
UPCOM,VNA,Công ty Cổ phần Vận tải biển Vinaship,Vinaship Joint Stock Company
UPCOM,VNB,Công ty Cổ phần Sách Việt Nam,Vietnam Books Joint Stock Company
HNX,VNC,Công ty Cổ phần Tập đoàn Vinacontrol,Vinacontrol Group Corporation
HOSE,VND,CTCP CHUNG KHOAN VNDIRECT,VNDIRECT Securities Corporation
HNX,VND122014,,
HOSE,VNE,TONG CTCP XD DIEN VN,Vietnam Electricity Construction Joint Stock Corporation
HNX,VNF,Công ty Cổ phần Vinafreight,Vinafreight Joint Stock Company
HOSE,VNG,CTCP DL THANH THANH CONG,Thanh Thanh Cong Tourism Joint Stock Company
HNX,VNG122002,,
UPCOM,VNH,Công ty Cổ phần Đầu tư Việt Việt Nhật,Viet Viet Nhat Investment Corporation
UPCOM,VNI,Công ty Cổ phần Đầu tư Bất động sản Việt Nam,Vietnam Land Investment Corporation
HOSE,VNL,CTCP LOGISTICS VINALINK,Vinalink Logistics Joint Stock Company
HOSE,VNM,CTCP SUA VIET NAM,Vietnam Dairy Products Joint Stock Company
UPCOM,VNP,Công ty Cổ phần Nhựa Việt Nam,Vietnam Plastic Corporation
HNX,VNR,Tổng Công ty Cổ phần Tái bảo hiểm Quốc gia Việt Nam,Viet Nam National Reinsurance Corporation
HOSE,VNS,CTY CP ANH DUONG VIET NAM,Vietnam Sun Corporation
HNX,VNT,Công ty Cổ phần Giao nhận Vận tải Ngoại Thương,The Van Cargoes and Foreign Trade Logistics Joint Stock Company
UPCOM,VNX,Công ty Cổ phần Quảng cáo và Hội chợ Thương mại Vinexad,Vietnam National Trade Fair And Advertising Company
UPCOM,VNY,Công ty Cổ phần Thuốc thú y Trung ương I,Vietnam Vererinary Products Joint Stock Company
UPCOM,VNZ,Công ty Cổ phần VNG,VNG Corporation
UPCOM,VOC,Tổng Công ty Công nghiệp Dầu thực vật Việt Nam - Công ty Cổ phần,Vietnam Vegetable Oils Industry Corporation 
HOSE,VOS,CTCP VAN TAI BIEN VN,Vietnam Ocean Shipping Joint Stock Company
UPCOM,VPA,Công ty Cổ phần Vận tải Hóa dầu VP,VP Petrochemical Transport Joint Stock Company
HOSE,VPB,NHTM CP VN THINH VUONG,Vietnam Prosperity Joint Stock Commercial Bank
UPCOM,VPC,Công ty Cổ phần Đầu tư và Phát triển Năng lượng Việt Nam,Vietnam Power Investment and Development Joint Stock Company
HOSE,VPD,CTCP PT DIEN LUC VIET NAM,Vietnam Power Development Joint Stock Company
HOSE,VPG,CTCP DT TM XNK VIET PHAT,Viet Phat Import Export Trading Investment Joint Stock Company
HOSE,VPH,CTCP VAN PHAT HUNG,Van Phat Hung Corporation
HOSE,VPI,CTCP DT VAN PHU - INVEST,Van Phu - Invest Investment Joint Stock Company
HNX,VPI124001,,
UPCOM,VPR,Công ty Cổ phần VINAPRINT,VINAPRINT Corporation
HOSE,VPS,CTCP THUOC SAT TRUNG VN,Vietnam Pesticide Joint Stock Company
UPCOM,VPW,Công ty Cổ phần Cấp thoát nước số 1 Vĩnh Phúc,Vinhphuc No1 Water Supply and Drainage Joint Stock Company
UPCOM,VQC,Công ty Cổ phần Giám định Vinaconmin,VINACOMIN QUACONTROL Joint-stock Company
HOSE,VRC,CTCP BDS VA DT VRC,VRC Real Estate and Investment Joint Stock Company
HOSE,VRE,CTCP VINCOM RETAIL,Vincom Retail Joint Stock Company
HNX,VRE12007,TP CTCP VINCOM RETAIL,
UPCOM,VRG,Công ty Cổ phần Phát triển Đô thị và Khu Công nghiệp Cao Su Việt Nam,Viet Nam Rubber Industrial Zone and Urban Development Joint Stock Company
HNX,VSA,Công ty Cổ phần Đại lý Hàng hải Việt Nam,Vietnam Ocean Shipping Agency Corporation
HOSE,VSC,CTCP CONTAINER VIET NAM,Viet Nam Container Shipping Joint Stock Company
UPCOM,VSE,Công ty Cổ phần Dịch vụ Đường cao tốc Việt Nam,Vietnam Expressway Services Joint Stock Company
UPCOM,VSF,Tổng Công ty Lương thực Miền Nam - Công ty Cổ phần,Vietnam Southern Food Corporation - Joint Stock Company
UPCOM,VSG,Công ty Cổ phần Container Phía Nam,Southern Vietnam Container Shipping Joint Stock Company
HOSE,VSH,CTCP THUY DIEN VS-SH,Vinh Son - Song Hinh Hydropower Joint Stock Company
HOSE,VSI,CTCP DT&XD CAP THOAT NUOC,Water Supply Sewerage Construction and Investment Joint Stock Company
HNX,VSM,Công ty Cổ phần Container Miền Trung,Central Container Joint Stock Company
UPCOM,VSN,Công ty Cổ phần Việt Nam Kỹ Nghệ Súc Sản,VISSAN Joint Stock Company
UPCOM,VST,Công ty Cổ phần Vận tải và Thuê Tàu biển Việt Nam,Viet Nam Sea Transport and Chartering Joint Stock Company
UPCOM,VTA,Công ty Cổ phần VITALY,Vitaly Joint Stock Company
HOSE,VTB,CTCP VIETTRONICS TAN BINH,Viettronics Tan Binh Joint Stock Company
HNX,VTC,Công ty Cổ phần Viễn Thông VTC,VTC Telecommunications Joint Stock Company
UPCOM,VTD,Công ty Cổ phần Vietourist Holdings,Vietourist Holdings Joint Stock Company
UPCOM,VTE,Công ty Cổ phần VINACAP Kim Long,VINACAP Kim Long Joint Stock Company
UPCOM,VTG,Công ty Cổ phần Du lịch tỉnh Bà Rịa - Vũng Tàu,Ba Ria - Vung tau Tourist Joint Stock Company
HNX,VTH,Công ty Cổ phần Dây cáp điện Việt Thái,Viet Thai Electric Cable Corporation
UPCOM,VTI,Công ty Cổ phần Sản xuất - Xuất nhập khẩu Dệt may,Textile - Garment Import - Export and Production Joint Stock Company
HNX,VTJ,Công ty Cổ phần Thương mại và Đầu tư VI NA TA BA,VI NA TA BA Trading & Investment Joint Stock Company
UPCOM,VTK,Công ty Cổ phần Tư vấn và Dịch vụ Viettel,Viettel Consultancy and Services Joint Stock Company
UPCOM,VTL,Công ty Cổ phần Vang Thăng Long,Thang Long Wine Joint Stock Company
UPCOM,VTM,Công ty Cổ phần Vận tải và Đưa đón thợ mỏ - Vinacomin,Vinacomin - Transportation and Miner Commuting Service Joint Stock Company
HOSE,VTO,CTCP VT XANG DAU VITACO,Vietnam Tanker Joint Stock Company
HOSE,VTP,TCTCP BUU CHINH VIETTEL,Viettel Post Joint Stock Corporation
UPCOM,VTQ,Công ty Cổ phần Việt Trung Quảng Bình,Viet Trung Quang Binh Joint Stock Company
UPCOM,VTR,Công ty Cổ phần Du lịch và tiếp thị giao thông vận tải Việt Nam - Vietravel,Vietnam Travel and Marketing Transports Joint stock Company - Vietravel
UPCOM,VTS,Công ty Cổ phần Gạch Ngói Từ Sơn,Tu Son Brick Tile Joint Stock Company
HNX,VTV,Công ty Cổ phần Năng lượng và Môi trường VICEM,VICEM Energy And Environment Joint Stock Company
UPCOM,VTX,Công ty Cổ phần Vận tải Đa phương thức VIETRANSTIMEX,VIETRANSTIMEX Multimodal Transport Holding Company
HNX,VTZ,Công ty Cổ phần Sản xuất và Thương mại Nhựa Việt Thành,Viet Thanh Plastic Trading and Manufacturing Joint Stock Company
UPCOM,VUA,Công ty Cổ phần Chứng khoán Stanley Brothers,Stanley Brothers Securities Incorporation
UPCOM,VVN,Tổng Công ty Cổ phần Xây dựng Công nghiệp Việt Nam,Vietnam Industrial Construction Corporation
UPCOM,VVS,Công ty Cổ phần Đầu tư Phát triển Máy Việt Nam,Vietnam Machine Investment Development Joint Stock Company
UPCOM,VW3,Công ty Cổ phần VIWASEEN3,VIWASEEN 3 Joint Stock Company
UPCOM,VWS,Công ty Cổ phần Nước và Môi trường Việt Nam,"Vietnam Water, Sanitation and Environment Joint Stock Company"
UPCOM,VXB,Công ty Cổ phần Vật liệu xây dựng Bến Tre,Ben Tre Construction Material Joint Stock Company
UPCOM,VXP,Công ty Cổ phần Thuốc Thú y Trung ương VETVACO,VETVACO National Veterinary Joint Stock Company
UPCOM,VXT,Công ty Cổ phần Kho vận và dịch vụ thương mại,Transport Warehousing and Trade Service Joint Stock Company
HNX,WCS,Công ty Cổ phần Bến xe Miền Tây,West Coach Station Joint Stock Company
UPCOM,WSB,Công ty Cổ phần Bia Sài Gòn - Miền Tây,Western - Sai Gon Beer Joint Stock Company
HNX,WSS,Công ty Cổ phần Chứng khoán Phố Wall,Wall Street Securities Company
UPCOM,WTC,Công ty Cổ phần Vận tải thủy - Vinacomin,Vinacomin - Waterway Transport Joint Stock Company
HNX,X20,Công ty Cổ phần X20,X20 Joint Stock Company
UPCOM,X26,Công ty Cổ phần 26,26 Joint Stock Company
UPCOM,X77,Công ty Cổ phần Thành An 77,Thanh An 77 Joint Stock Company
UPCOM,XDH,Công ty Cổ phần Đầu tư Xây dựng Dân dụng Hà Nội,Hanoi Civil Construction Investment Joint Stock Company
UPCOM,XHC,Công ty Cổ phần Xuân Hòa Việt Nam,XuanHoa Viet Nam Joint Stock Company
UPCOM,XLV,Công ty Cổ phần Xây lắp và Dịch vụ Sông Đà,Song Da Construction and Service Joint Stock Company
UPCOM,XMC,Công ty cổ phần Đầu tư và Xây dựng Xuân Mai,Xuan Mai Investment and Construction Corporation
UPCOM,XMD,Công ty Cổ phần Xuân Mai - Đạo Tú,Xuan Mai - Dao Tu Joint Stock Company
UPCOM,XMP,Công ty Cổ phần Thủy điện Xuân Minh,Xuan Minh Hydro Power Joint Stock Company
UPCOM,XPH,Công ty Cổ phần Xà phòng Hà Nội,Hanoi Soap Joint Stock Company
UPCOM,YBC,Công ty Cổ phần Xi măng và Khoáng sản Yên Bái,YenBai Cement and Minerals Joint Stock Company
HOSE,YBM,CTCP KHOANGSAN CN YEN BAI,Yen Bai Industry Mineral Joint Stock Company
HOSE,YEG,CTCP TAP DOAN YEAH1,Yeah1 Group Corporation
UPCOM,YTC,Công ty Cổ phần Xuất nhập khẩu Y tế Thành phố Hồ Chí Minh,Ho Chi Minh City Medical Import Export Joint Stock Company
